# -*- coding: utf-8 -*-

# Resource object code
#
# Created by: The Resource Compiler for PyQt5 (Qt v5.15.13)
#
# WARNING! All changes made in this file will be lost!

from PyQt5 import QtCore

qt_resource_data = b"\
\x00\x00\x6f\x6d\
\x89\
\x50\x4e\x47\x0d\x0a\x1a\x0a\x00\x00\x00\x0d\x49\x48\x44\x52\x00\
\x00\x01\x00\x00\x00\x01\x00\x08\x06\x00\x00\x00\x5c\x72\xa8\x66\
\x00\x00\x00\x09\x70\x48\x59\x73\x00\x00\x10\xea\x00\x00\x10\xea\
\x01\x82\xd3\x0a\x98\x00\x00\x20\x00\x49\x44\x41\x54\x78\x9c\xec\
\x7d\x79\x58\x54\x47\xba\xfe\x7b\x4e\x2f\xec\xab\x80\xac\x02\x2a\
\xa8\x20\x2a\xe2\x82\xfb\x82\x1b\x6a\x30\x62\x8c\x49\x1c\x9d\xac\
\x9a\xc9\xcc\x68\x66\x62\xe6\x9a\xdf\x9d\x4c\x26\x93\xb9\x99\x27\
\x89\xc9\x64\x92\x9b\x9b\x49\xa2\xd9\x4c\xe2\xb8\x24\x51\x54\x54\
\x12\x91\x18\x57\x90\x80\x02\xae\xa0\x2c\x2e\x80\xec\x34\x5b\x77\
\x9f\x53\xbf\x3f\xda\x2a\xce\xe9\x6e\x10\xa1\xa1\x01\xfb\x7d\x9e\
\xf3\xd0\x9c\xa5\x4e\x9d\xaa\xaf\xbe\xfa\xb6\xfa\x0a\xb0\xc1\x06\
\x1b\x6c\xb0\xc1\x06\x1b\x6c\xb0\xc1\x06\x1b\x6c\xb0\xc1\x06\x1b\
\x6c\xb0\xc1\x06\x1b\x6c\xb0\xc1\x06\x1b\x6c\xb0\xc1\x06\x1b\x6c\
\xb0\xc1\x06\x1b\xfa\x0b\x38\x42\x08\xb1\x76\x25\x6c\xb0\xc1\x06\
\xeb\x80\xb7\x76\x05\x6c\xb0\xc1\x06\xeb\x41\x79\xaf\x0f\x10\x00\
\x44\x14\xc1\x73\x1c\xc0\x71\x66\xef\x11\x45\x11\x1c\xc7\x81\x6b\
\xe3\xba\x0d\xdd\x83\x92\x92\x12\xe4\xe5\xe5\xe1\xc2\x85\x0b\x28\
\x2c\x2c\x44\x75\x75\x35\x9a\x9a\x9a\x00\xa0\xcb\x7d\x41\x08\x81\
\x52\xa9\x84\x8b\x8b\x0b\xfc\xfd\xfd\x11\x1e\x1e\x8e\xe8\xe8\x68\
\x84\x87\x87\x43\xa1\x50\x58\xa2\xfa\x36\x74\x00\x84\x10\x10\x42\
\xc0\xf3\x6d\xcf\xdd\xf7\x32\xfe\x3a\xa5\x02\xd0\x4a\x98\x7b\x09\
\x2d\xce\x36\xf8\xbb\x0f\xb4\xed\x09\x21\xa8\xa9\xa9\x41\x4e\x4e\
\x0e\x0e\x1e\x3c\x88\xf4\xf4\x74\x14\x17\x17\xa3\xac\xac\x0c\x75\
\x75\x75\xdd\xf6\x7e\xb5\x5a\x0d\x6f\x6f\x6f\x04\x05\x05\x61\xf4\
\xe8\xd1\x98\x3e\x7d\x3a\x26\x4e\x9c\x88\xe0\xe0\x60\x28\x95\x4a\
\x56\x47\xc0\x46\x07\xdd\x81\xb6\xc6\x5f\x7b\xe3\xb2\x2d\x74\xda\
\x06\xc0\x24\x01\x09\x27\xea\x08\x77\xb2\xa1\xf3\xa0\x9d\x0b\x00\
\x8d\x8d\x8d\x38\x79\xf2\x24\xbe\xfd\xf6\x5b\xfc\xfc\xf3\xcf\xb8\
\x7a\xf5\x2a\x1a\x1b\x1b\x65\xf7\x4b\x89\xc0\x92\x03\x91\xf6\x33\
\x00\x28\x95\x4a\xf8\xf9\xf9\x61\xf4\xe8\xd1\x58\xbe\x7c\x39\xe6\
\xcf\x9f\x0f\x1f\x1f\x1f\xdb\xc0\xef\x66\x88\x77\xda\x9f\x97\xb4\
\xb3\xb9\x73\x77\x83\xcd\x08\xd8\x57\x40\x00\xdc\xe9\xd7\x9b\x37\
\x6f\xe2\xab\xaf\xbe\xc2\x67\x9f\x7d\x86\xfc\xfc\x7c\xe8\xf5\x7a\
\x00\x60\x9c\xdf\x5c\x97\x5a\x62\x40\xf2\x3c\xcf\x06\xbf\x94\x09\
\x50\xf8\xfa\xfa\x62\xf1\xe2\xc5\xf8\xcd\x6f\x7e\x83\xe8\xe8\x68\
\x1b\x13\xe8\x03\xb0\x31\x80\x3e\x00\x42\x08\x40\x00\x8e\xe7\x90\
\x95\x95\x85\xb7\xdf\x7e\x1b\x3b\x77\xee\x84\x56\xab\x05\x00\x13\
\x89\xcb\x58\x14\xb4\xf4\x40\x94\x96\x6f\x7c\x0e\x00\x62\x63\x63\
\xb1\x61\xc3\x06\x24\x3c\x90\x00\x95\x5a\x65\x72\xaf\x0d\xbd\x07\
\x36\x06\xd0\xcb\x21\x1d\x3c\x27\x4e\x9c\xc0\xeb\xaf\xbf\x8e\x43\
\x87\x0e\x41\xaf\xd7\xb7\xa9\x6a\x99\x9b\x9d\x69\x19\x5d\xe9\x6e\
\x73\x3a\xa7\xf1\xc0\xa6\x06\xa8\x88\x88\x08\xbc\xf0\xc7\x17\xf0\
\xe8\x63\x8f\xc2\xde\xde\xbe\xd3\xef\xb4\xa1\x7b\x61\x63\x00\xbd\
\x18\xd2\x01\x96\x91\x91\x81\x97\x5f\x7e\x19\xa9\xa9\xa9\xd0\xe9\
\x74\x50\x2a\x95\x10\x45\xd1\xe4\x19\xe3\x73\x2a\x95\xca\xc4\x30\
\xd7\x59\xe8\xf5\x7a\xa6\x6e\x00\xa6\x92\x07\x55\x3f\xe8\x7b\x86\
\x0e\x1d\x8a\x97\x5f\x7e\x19\x0f\x2f\x7f\x18\x76\xf6\x76\x5d\x7a\
\xb7\x0d\xdd\x03\x1b\x03\xe8\x03\xb8\x7c\xf9\x32\xfe\xf4\xa7\x3f\
\x61\xcf\x9e\x3d\x00\x0c\x03\x8f\xe3\x38\xd9\x60\xa7\xdd\x68\x6f\
\x6f\x8f\xc8\xc8\x48\x0c\x1f\x3e\x1c\x41\x41\x41\xf0\xf0\xf0\x80\
\x4a\xa5\xea\xf2\xe0\xe7\x38\x0e\x0d\x0d\x0d\xb8\x7e\xfd\x3a\xae\
\x5c\xb9\x82\xdc\xdc\x5c\x94\x97\x97\xb3\x6b\xd4\x3e\x20\x4a\x0c\
\xc3\xa2\x28\x62\xf8\xf0\xe1\x78\xeb\xad\xb7\xb0\x70\xe1\xc2\x5e\
\x67\x1c\x96\xb6\x5f\x6f\xab\x5b\x4f\xe1\x9e\xe3\x00\xfa\x15\x24\
\x86\x35\xd9\xe9\x5e\xa4\xb3\xd6\xd4\xd4\x60\xf3\xe6\xcd\xd8\xbb\
\x77\x2f\x80\x56\x42\xa5\x83\x4e\x14\x45\x10\x42\xe0\xe0\xe0\x80\
\x69\xd3\xa6\x61\xfe\xfc\xf9\x98\x34\x69\x12\x86\x0f\x1f\x0e\x0f\
\x0f\x0f\x8b\xd7\xa7\xa9\xb1\x09\x57\xaf\x5d\xc5\x99\x33\x67\x90\
\x9a\x9a\x8a\x43\x87\x0e\xa1\xac\xac\x4c\xe6\x01\x92\xb6\xdd\xc5\
\x8b\x17\xf1\xde\x7b\xef\x61\xd0\xa0\x41\x18\x35\x6a\x94\xc5\xeb\
\xd3\x59\x98\xf3\x56\xdd\x8f\x5e\xac\xfb\x9b\x01\x70\x40\x73\x73\
\x33\x4a\x4a\x4a\x50\x5b\x5b\x0b\x2f\x2f\x2f\x04\x04\x04\x40\xa5\
\x52\xc9\x66\x32\x6b\x22\x35\x35\x15\xbb\x77\xef\x36\xa9\x8f\xd4\
\x10\x17\x16\x16\x86\xd5\xab\x57\x63\xe9\xd2\xa5\x08\x0f\x0f\x67\
\x22\x7f\x77\xc0\xde\xc1\x20\x61\x44\x46\x46\x62\xee\xdc\xb9\x98\
\x35\x6b\x16\x3e\xfb\xec\x33\x9c\x3e\x7d\x1a\x2d\x2d\x2d\xb2\xc1\
\x4f\x19\xd4\xb1\x63\xc7\xb0\x63\xc7\x0e\x0c\x19\x32\x04\x4e\x4e\
\x4e\xdd\x56\xb7\x7b\x01\x21\x04\x95\x95\x95\xb8\x79\xf3\x26\x78\
\x9e\x47\x60\x40\x20\x9c\x9d\x9d\x7b\x45\x9f\xf7\x28\xc8\x7d\x8c\
\xd2\xd2\x52\xf2\xd6\x5b\x6f\x91\x99\x33\x67\x92\xf1\xe3\xc7\x93\
\xf8\xf8\x78\xb2\x65\xcb\x16\xd2\xd4\xd4\x64\xed\xaa\x11\x42\x0c\
\xf5\x5b\xb1\x62\x05\x51\x2a\x95\x84\xe3\x38\xa2\x50\x28\x88\x42\
\xa1\x20\x3c\xcf\x13\xdc\x09\xc5\x88\x8e\x8e\x26\xdf\x7c\xf3\x0d\
\x69\x6c\x6c\x64\xcf\x09\x82\x40\x04\x41\x20\x7a\xbd\x9e\xfd\x16\
\x45\xb1\xcb\x07\x21\xc4\xf0\x5b\x10\xd9\xbb\x44\x51\x24\xc7\x8e\
\x1d\x23\x09\x09\x09\x44\xa9\x54\x12\x00\x44\xa5\x52\x11\xa5\x52\
\x49\x94\x4a\x25\xab\x6b\x64\x64\x24\x49\x4b\x4b\x63\xcf\x58\x1b\
\x3f\xff\xfc\x33\xf9\xf5\xaf\x7f\x4d\x26\x4d\x9a\x44\x26\x4f\x9e\
\x4c\xd6\xae\x5d\x4b\x4e\x9f\x3a\x4d\x04\x41\xb0\x76\xd5\x7a\x14\
\xf7\x2d\x03\xa8\xac\xac\x24\x2f\xbd\xf4\x12\x71\x73\x73\x63\x83\
\x09\x00\x19\x34\x68\x10\xd9\xbc\x79\x33\xd1\xeb\xf5\x3d\x5e\x27\
\x51\x14\x65\x04\xb8\x6d\xdb\x36\x12\x14\x14\x44\x00\xb0\xc1\xaf\
\x50\x28\xd8\x40\x1b\x3c\x78\x30\xf9\xe6\x9b\x6f\xcc\x96\x23\x3d\
\x7a\x82\xa8\xcf\x9c\x39\x43\xe6\xcd\x9b\x47\x00\x10\xa5\x52\xc9\
\x18\x95\x42\xa1\x60\x4c\xe1\xf7\xbf\xff\x3d\x69\x69\x69\x61\x75\
\xb4\x16\xb2\xb2\xb2\xc8\xdc\xb9\x73\x65\xfd\x0e\x80\xcc\x9d\x3b\
\x97\x9c\x38\x71\xc2\x6a\xf5\xb2\x06\xee\x2b\x06\x40\x89\xae\xa6\
\xa6\x86\xfc\xf9\xcf\x7f\x26\x9e\x9e\x9e\x8c\x38\xe9\xe0\x02\x40\
\xe2\xe2\xe2\x48\x51\x51\x91\x55\xeb\xaa\xd1\x68\xc8\xe3\x8f\x3f\
\xce\x66\x7e\xb5\x5a\x2d\xab\xa3\xbb\xbb\x3b\x79\xfb\xed\xb7\x5b\
\xa5\x15\xa3\xf1\x64\x6e\xf6\xee\x6e\x1c\x38\x70\x80\x44\x44\x44\
\x10\x00\x84\xe7\x79\xd9\x41\xa5\x80\x5f\x7e\xf9\x45\x56\xc7\x9e\
\x86\x56\xab\x25\x7f\xfb\xdb\xdf\x18\x13\x95\xd6\x8f\xe3\x38\xb2\
\x70\xe1\x42\x92\x9d\x9d\xcd\xea\xd7\x1b\xa4\x95\xee\xc4\x7d\xa5\
\xf0\x70\x1c\x87\xa6\xa6\x26\x7c\xf9\xe5\x97\xd8\xbc\x79\x33\xaa\
\xaa\xaa\xa0\x50\x28\x98\xfb\x8a\xea\xaf\xe5\xe5\xe5\xa8\xac\xac\
\xb4\x6a\x5d\xf3\xf2\xf2\x70\xee\xdc\x39\xa6\xeb\xeb\xf5\x7a\x99\
\xde\x3f\x6f\xde\x3c\xac\x58\xb1\x02\xf6\xf6\xf6\x06\x0b\x7f\x2f\
\xb0\x59\xce\x9c\x39\x13\x8f\x3e\xfa\x28\x1c\x1c\x1c\xcc\xba\x28\
\x4b\x4a\x4a\xf0\xd3\x4f\x3f\x41\xa7\xd3\xf5\x78\xdd\xc8\x1d\x2f\
\x48\x4b\x73\x0b\x4a\x4a\x4a\x4c\xe2\x28\xa8\xdd\x24\x25\x25\x05\
\x6f\xbd\xf5\x16\xae\x5e\xbd\xda\xea\xd6\x14\xfb\xaf\xa3\xec\xbe\
\x62\x00\x00\x70\xe0\xc0\x01\xfc\xf3\x9f\xff\x44\x69\x69\x29\x5b\
\xc5\x46\x07\x17\x85\x87\x87\x07\x3c\x3d\x3d\xad\x55\x45\x00\x40\
\x66\x66\x26\x0a\x0b\x0b\x65\xe7\xc8\x1d\x37\x5b\x50\x50\x10\x1e\
\x7a\xe8\x21\x04\x04\x04\x58\xa7\x72\x6d\xc0\xde\xde\x1e\x8f\x3d\
\xf6\x18\x26\x4d\x9a\x04\x40\x1e\x77\xc0\xf3\x3c\xea\xeb\xeb\x91\
\x99\x99\xc9\x56\x28\x12\x2b\x78\xa0\xd5\x6a\x35\xbc\xbc\xbc\x4c\
\xde\x2f\x08\x02\x38\x8e\x83\x5e\xaf\xc7\xce\x9d\x3b\xf1\xef\x0f\
\xff\x8d\xea\xaa\x6a\x03\x93\xe8\x05\xcc\xb5\xbb\xd0\xef\xbd\x00\
\xb4\x93\x39\x8e\x43\x46\x46\x06\xde\x7d\xf7\x5d\x5c\xbb\x76\xcd\
\x6c\xcc\xbc\x5e\xaf\x87\x9b\x9b\x1b\x12\x12\x12\x10\x18\x18\x68\
\x8d\xea\x02\x30\x78\x26\x2e\x5e\xbc\x88\xaa\xaa\x2a\x99\x5b\x8d\
\xd6\x37\x2a\x2a\x8a\x0d\x32\xc0\x7c\x9c\x7f\x67\xdc\x98\x52\x29\
\xa8\xb0\xb0\x10\x37\x6e\xdc\x40\x4b\x4b\x8b\xac\xbc\xb6\xca\x25\
\x77\x96\x0b\xb7\xb4\xb4\xc0\xcd\xcd\xcd\xa4\x3c\xfa\x7f\x7e\x7e\
\x3e\xca\xcb\xcb\xe1\xea\xea\xda\xe3\x16\x77\x51\x14\xa1\xb6\x53\
\x63\xe1\xc2\x85\x48\x49\x49\x41\x66\x66\x26\xbb\x46\xe9\x81\xe7\
\x79\x68\xb5\x5a\x7c\xb9\xf5\x4b\x8c\x18\x31\x02\xbf\x5a\xf5\x2b\
\xa8\x54\xaa\x1e\xad\x67\x4f\xa2\xdf\x33\x00\xc0\xd0\xb9\xb7\x6e\
\xdd\xc2\xc7\x1f\x7f\x8c\x13\x27\x4e\xb0\x73\x52\x10\x42\xe0\xe6\
\xe6\x86\x67\x9e\x79\x06\x8f\x3f\xfe\xb8\x75\xd6\xb8\xdf\x89\x4b\
\xa8\xad\xad\xc5\x8d\x1b\x37\x4c\xea\x49\x08\x81\x5a\xad\x46\x64\
\x64\x64\xb7\xcc\xfe\x1c\xc7\xa1\xa5\xa5\x05\xc9\xc9\xc9\xf8\xf4\
\xd3\x4f\x91\x93\x93\x83\x96\x96\x16\xd9\x40\x6d\x6b\xb1\x11\x1d\
\xec\x3c\xcf\xa3\xae\xae\xce\x64\x25\x22\x0d\x5c\xaa\xaa\xaa\xc2\
\x8d\x1b\x37\x30\x74\xe8\x50\x8b\xd7\xbf\xa3\x98\x3c\x79\x32\x36\
\x6c\xd8\x80\xd7\x5f\x7f\x1d\x39\x39\x39\x26\xcc\x8d\xe3\x38\x94\
\x95\x95\xe1\xe3\x4f\x3e\xc6\x90\xa1\x43\x30\x7d\xfa\x74\xab\xd5\
\xb5\xbb\xd1\xef\x19\x00\x25\xbc\xfd\xfb\xf7\x63\xff\xfe\xfd\x4c\
\xd4\x93\x42\x14\x45\xd8\xd9\xd9\xe1\x91\x47\x1e\xc1\xef\x7f\xff\
\x7b\x0c\x18\x30\xc0\x4a\xb5\x35\xa0\xba\xba\x1a\x35\x35\x35\x66\
\xaf\x79\x78\x78\x20\x38\x38\xb8\xdb\x02\x95\x4e\x9c\x38\x81\xd7\
\x5e\x7b\x0d\x59\x59\x59\x5d\x2a\xc7\x98\x71\x51\x26\xd2\xd8\xd8\
\x88\xdb\xb7\x6f\x77\xa9\xec\xce\xd6\x87\xd6\x89\xe7\x79\x2c\x4d\
\x5c\x8a\xa6\xa6\x26\xfc\xcf\xff\xfc\x0f\x0a\x0a\x0a\xcc\xc6\x2f\
\x64\x64\x64\xe0\x8b\x2f\xbe\x40\x64\x64\xa4\xd5\x69\xa2\xbb\x70\
\x5f\xd8\x00\xf2\xf2\xf2\xb0\x79\xf3\x66\x94\x96\x96\x32\x42\xa4\
\x06\x35\x3a\x9b\x2d\x5e\xbc\x18\xcf\x3f\xff\x3c\x06\x0d\x1a\x64\
\x15\xdd\x14\x00\xd3\x35\x1b\x1b\x1b\xd1\xdc\xdc\xcc\x4e\x4b\xd5\
\x18\x17\x17\x17\xa6\xc3\x5a\x1a\x5a\xad\x16\x07\x0e\x1c\x40\x76\
\x76\x36\x00\xc3\x40\xa0\x87\x74\x65\xa1\xb9\x43\x7a\x9f\xf4\x7e\
\xe9\x37\x50\x09\xa3\xae\xae\x8e\x7d\x53\x4f\xb7\x35\xed\x73\x3b\
\xb5\x1d\x96\x2f\x5f\x8e\x35\x6b\xd6\xc0\xd1\xd1\x91\x45\x54\xd2\
\x83\xe7\x79\x08\x82\x80\x3d\x7b\xf6\x60\xff\xfe\xfd\x56\x31\x5c\
\xf6\x04\xfa\x3d\x03\xd0\x68\x34\xf8\xe2\x8b\x2f\x4c\xf4\x3d\xe9\
\xda\xf9\x49\x93\x26\xe1\x85\x17\x5e\xc0\xf0\xe1\xc3\xd9\x75\xc0\
\x40\x2c\x82\x20\xb0\xdf\xd5\xd5\xd5\x28\x2a\x2a\x42\x65\x65\x25\
\x3b\x6f\x49\x48\x07\x05\xb5\xa2\xd3\x3a\x52\x02\x55\x28\x14\x50\
\xab\xd5\x16\x7f\x37\x60\x30\x84\x55\x56\x56\x9a\x0d\x87\xbd\x1b\
\x03\x90\xde\xd7\xd6\xb7\x51\x6f\x86\x56\xab\xed\xd6\x8c\x41\x1a\
\x8d\x06\x85\x85\x85\xb8\x79\xf3\x26\x5b\x32\x6d\xfc\x1d\x00\xe0\
\xec\xec\x8c\xd5\xab\x57\x63\xe5\xca\x95\x50\xab\xd5\xb2\x25\xd4\
\xf4\x77\x65\x65\x25\x36\x6f\xde\x8c\x4b\x97\x2e\x59\xbc\x9e\xbd\
\x01\xfd\x5e\x05\x38\x71\xe2\x04\xbe\xfb\xf6\x3b\xe8\xf5\x7a\x28\
\x14\x0a\xd9\x20\x23\x84\x20\x30\x30\x10\xeb\xd7\xaf\xc7\x84\x09\
\x13\x4c\x9e\xa5\x03\x4e\xa3\xd1\x60\xff\xfe\xfd\x48\x4a\x4a\xc2\
\xf5\xeb\xd7\x31\x70\xe0\x40\x2c\x5c\xb8\x10\x4b\x97\x2e\x65\x06\
\xaf\xee\x86\x74\xa5\x5d\x77\xcd\x9a\x4a\xa5\x12\xe1\xe1\xe1\x70\
\x70\x70\x40\x53\x53\x53\xb7\xe4\x12\xe8\xce\x5c\x91\x34\xec\x78\
\xdb\xb6\x6d\xc8\xcb\xcb\x83\x5a\xad\xc6\xf4\xe9\xd3\xb1\x72\xe5\
\x4a\x0c\x19\x32\xc4\xec\x33\xbe\xbe\xbe\x58\xbf\x7e\x3d\x0a\x0a\
\x0a\x70\xf4\xe8\x51\x99\x24\x40\x91\x9e\x9e\x8e\xfd\xfb\xf7\x63\
\xd0\xa0\x41\x70\x75\x75\xed\x96\xba\x5b\x0b\xfd\x9a\x01\xd4\xd5\
\xd5\x61\xdf\xde\x7d\x28\x2a\x2a\x02\x20\x17\x37\x09\x21\x50\xa9\
\x54\x48\x4c\x4c\x44\x7c\x7c\xbc\x89\xd1\x8f\xc6\xde\x6b\xb5\x5a\
\x6c\xdb\xb6\x0d\xff\xfa\xd7\xbf\x90\x97\x97\xc7\xae\x9f\x3b\x77\
\x0e\xa2\x28\xe2\xc9\x27\x9f\xb4\x58\x7d\xe9\xc0\xa0\x44\xd8\x53\
\xa0\x04\xaf\x50\x28\x10\x1f\x1f\x8f\xc3\x87\x0f\xe3\xc8\x91\x23\
\x26\xee\xd1\x7b\x45\x4f\x5b\xf9\xd3\xd3\xd3\xf1\x8f\x7f\xfc\x03\
\x87\x0f\x1f\x66\x22\x7b\x66\x66\x26\x6e\xde\xbc\x89\x97\x5f\x7e\
\x59\x66\x38\xa5\xfe\x7d\x8e\xe7\x10\x19\x19\x89\xa7\x9f\x7e\x1a\
\x57\xae\x5c\x41\x49\x49\x89\x89\x44\xd3\xd2\xd2\x82\xdd\xbb\x77\
\x63\xf6\xec\xd9\x18\x3f\x7e\x7c\x8f\x7e\x53\x77\xa3\x5f\x33\x80\
\xac\xac\x2c\x1c\x49\x3b\x02\x91\x88\x26\x96\x6c\x00\x18\x3f\x7e\
\x3c\x56\xaf\x5e\x0d\x57\x57\x57\x08\x82\xc0\x96\xb4\x4a\x97\xb7\
\xee\xd8\xb1\x03\x7f\xff\xfb\xdf\x51\x5c\x5c\x0c\xa0\xd5\x40\x74\
\xe9\xd2\x25\x7c\xfd\xf5\xd7\x98\x3d\x7b\x36\x42\x42\x42\xba\xed\
\x1b\xa4\x75\xa1\xff\x77\xd7\x0c\xca\xf3\x3c\x46\x8d\x1a\x85\xd7\
\x5f\x7f\x1d\x9b\x37\x6f\xc6\xa9\x53\xa7\x98\x24\x70\x37\xd0\xfa\
\xf1\x3c\x0f\xbd\x5e\x8f\xdb\xb7\x6f\x9b\x78\x03\xba\x13\x82\x20\
\x60\xef\xde\xbd\x38\x74\xe8\x90\x41\xc7\xb7\xb3\x83\x5e\xaf\x47\
\x4d\x4d\x0d\x3e\xff\xfc\x73\xd8\xd9\xd9\xe1\xaf\x7f\xfd\x2b\x3c\
\x3c\x3c\x5a\x67\x78\xae\xd5\x36\xb1\x60\xc1\x02\xfc\xfc\xf3\xcf\
\xd8\xbc\x79\x33\x74\x3a\x9d\x09\x13\xc8\xcb\xcb\xc3\x91\x23\x47\
\x30\x66\xcc\x98\x7e\xe5\x16\x54\x1a\xfb\x6a\xfb\x0b\x9a\x9b\x9b\
\x91\x9c\x9c\x8c\xab\x57\xaf\xb2\x73\x74\x30\xe9\xf5\x7a\xb8\xb8\
\xb8\x20\x31\x31\x11\xa3\x47\x8f\x66\xd7\xa4\x83\x4c\x10\x04\xa4\
\xa6\xa6\x62\xd3\xa6\x4d\xb2\xc1\x4f\xff\x8a\xa2\x88\xd2\xd2\x52\
\x14\x15\x15\x59\x9c\x01\x58\xc3\x08\x29\xd5\x7b\xc7\x8d\x1b\x87\
\xb0\xb0\x30\x54\x56\x56\xb2\x38\x80\xbb\x81\xd6\xd9\xc1\xc1\x01\
\x85\x85\x85\x78\xfd\xf5\xd7\xf1\xe3\x8f\x3f\xb2\xb2\xbb\x1b\x1a\
\x8d\x06\x45\x45\x45\xac\x1e\x3a\x9d\x4e\x16\x9b\xf0\xe5\x97\x5f\
\x62\xd0\xa0\x41\x78\xf6\xd9\x67\xe1\xe4\xe4\x64\xe2\xce\xf4\xf0\
\xf0\xc0\xc3\x0f\x3f\x8c\x63\xc7\x8e\x21\x27\x27\x47\x56\xb6\x42\
\xa1\x40\x7d\x7d\x3d\x52\x52\x52\xb0\x7c\xf9\x72\x84\x86\x86\x76\
\xfb\xf7\xf4\x14\x94\x54\x0c\xea\x2f\xd1\x4e\x94\x88\xaf\x5c\xb9\
\x82\x13\x27\x4e\xa0\xb1\xb1\x51\x46\x80\x54\xbc\x9e\x38\x71\x22\
\xe6\xcd\x9b\x07\xa5\x52\xc9\x8c\x5e\x52\x82\xb8\x74\xe9\x12\x3e\
\xfc\xf0\x43\x9c\x3d\x7b\x16\x80\xa9\x5b\x0b\x00\xdc\xdc\xdc\xba\
\xc5\x22\xdf\x9d\xb3\xfc\xdd\x40\xdb\xcf\xcd\xcd\xad\xd3\xf6\x0d\
\x9e\xe7\xe1\xe2\xe2\x62\xe1\x9a\xb5\x0f\x7b\x7b\x7b\x78\x79\x79\
\x99\xf5\xe9\x2b\x95\x4a\xd4\xd4\xd4\xe0\xd3\x4f\x3f\x45\x70\x70\
\x30\x12\x13\x13\x4d\x96\x56\x73\x1c\x87\x31\x63\xc6\x20\x21\x21\
\x01\x17\x2e\x5c\x80\x5e\xaf\x67\x65\x50\x83\xef\x85\x0b\x17\x70\
\xfc\xf8\xf1\x7e\xc5\x00\xf8\xfe\x34\xf8\xa5\xc8\xc8\xc8\xc0\xe5\
\xcb\x97\x01\xc0\x84\x01\x38\x38\x38\x60\xee\xdc\xb9\x18\x36\x6c\
\x18\x00\xd3\x24\x9a\x4d\x4d\x4d\xd8\xbd\x7b\x37\x7e\xf8\xe1\x07\
\x00\x90\x45\xe3\xd1\x99\xc3\xce\xce\x0e\xd3\xa6\x4d\x6b\xd3\xb8\
\xd4\x55\x58\xcd\x15\x49\x00\x22\x12\x13\xb7\xd8\xdd\x0e\x10\x98\
\xcc\xbe\x3d\x56\xe5\x3b\xfd\x31\x6b\xd6\x2c\x84\x86\x86\xca\x0c\
\xbd\x7a\xbd\x9e\x0d\xe0\xf3\xe7\xcf\xe3\x8b\x2f\xbf\x40\x41\x7e\
\x81\xfc\x79\x91\x40\x14\x44\xb8\xbb\xbb\x63\xce\x9c\x39\xb2\x20\
\x25\x69\xec\x40\x45\x45\x05\xd2\xd2\xd2\x3a\x2c\x15\xf5\x05\xf0\
\xfd\x6d\xf0\x53\xa3\xcd\xe9\xd3\xa7\x59\xc0\x89\x74\x46\x25\x84\
\x20\x22\x22\x02\xb3\x67\xcf\x66\xee\x34\xe3\xd9\x36\x33\x33\x13\
\x5f\x7f\xfd\x35\x34\x1a\x8d\x89\x2e\x48\x8d\x83\x4b\x96\x2c\xc1\
\x13\x4f\x3c\xd1\xba\x18\xa7\x0f\x43\xe6\xce\xbb\xa3\x17\xf3\xdc\
\xdd\x7d\xff\xc6\xcf\xd1\xb6\xea\xce\x84\x24\x6d\xd5\x1f\x00\xe6\
\xcc\x99\x83\xb5\x6b\xd7\xc2\xcb\xcb\x4b\xe6\xbe\x95\x22\xed\x48\
\x1a\xf6\xed\xdf\xc7\x8c\x84\xb4\xee\x14\x51\x51\x51\x98\x35\x6b\
\x96\x49\xf9\xd4\x20\xfc\xcb\x2f\xbf\xe0\xca\x95\x2b\xac\xec\xbe\
\xde\xf7\x4a\xae\xbf\x71\x00\x18\x72\xe8\xe5\xe6\xe6\x9a\xf8\xb3\
\x45\x51\x84\x42\xa1\x40\x6c\x6c\x2c\x22\x23\x23\x01\x98\x12\x48\
\x4d\x75\x0d\x76\xed\xda\xc5\xfc\xbe\x52\xc6\x41\x67\xff\x39\x73\
\xe6\xe0\xc5\x17\x5f\x34\x89\x1b\xe8\x2a\x3a\x6a\x8f\xe9\x4e\xf5\
\x80\x03\x07\x4e\xc1\xa1\xb9\xb9\x19\x55\x55\x55\xd0\x6a\xb5\xe8\
\x08\x8d\x10\x10\xe6\x59\xb9\x7e\xfd\xba\xc9\x26\x25\x3d\x01\x27\
\x27\x27\x3c\xf9\xe4\x93\xa8\xad\xad\xc5\xfb\xef\xbf\x8f\xfa\xfa\
\x7a\x13\x95\x40\xa3\xd1\x60\xe7\xce\x9d\x98\x31\x7d\x06\xc6\xc6\
\x8c\x6d\x6d\x73\xce\x20\x09\x0c\x18\x30\x00\xd3\xa6\x4d\xc3\xce\
\x9d\x3b\x51\x51\x51\x21\x8b\xc3\x00\x80\x1b\x37\x6e\xe0\xd4\xa9\
\x53\x88\x88\x88\xe8\x17\xb6\xb3\x7e\xe9\x05\x38\x77\xee\x1c\x0a\
\x0b\x0b\x59\x74\x9a\x54\x24\xf4\xf7\xf7\xc7\xf4\xe9\xd3\xe1\xe0\
\xe0\x60\x32\xf8\x89\x48\x90\x95\x95\x85\xa4\xbd\x49\x66\x43\x86\
\x05\x41\xc0\x90\x21\x43\xb0\x6e\xdd\x3a\x44\x47\x47\xf7\xd8\xf7\
\xf4\x28\x38\x20\x27\x27\x07\x3b\x77\xee\xc4\xf9\xf3\xe7\x4d\x2c\
\xe2\x6d\x81\x0e\x12\x95\x4a\x05\x8d\x46\x83\xdc\xdc\x5c\xab\xd8\
\x32\xbc\xbc\xbc\xf0\xf4\xd3\x4f\x23\x3f\x3f\x1f\xbb\x77\xef\x36\
\x30\x30\x89\x18\x2f\x8a\x22\x7e\xf9\xe5\x17\xfc\xf0\xe3\x0f\x88\
\x88\x8c\x80\xbd\x9d\x3d\x08\xee\xd0\x07\x08\x38\x70\x18\x3f\x7e\
\x3c\x62\x62\x62\x70\xe8\xd0\x21\x16\x11\xc8\x71\x1c\x14\x0a\x05\
\xaa\xaa\xaa\x90\x9e\x9e\x8e\xc7\x1e\x7b\x0c\x8e\x8e\x8e\x3d\xfa\
\x6d\xdd\x81\x7e\xc7\x00\x04\x41\x40\x4e\x4e\x0e\x0b\xfb\x35\xb6\
\xf6\x0e\x19\x32\x04\x31\x31\x31\xec\x7f\x29\x81\xd6\xd5\xd7\xe1\
\x70\xea\x61\x5c\xbb\x7a\x8d\x89\x7d\x14\xd4\x76\xf0\xe4\x93\x4f\
\x62\xce\x9c\x39\x2c\xa8\xc8\x1c\x81\x13\x42\xd0\xd4\xd4\x04\x85\
\x42\x01\x95\x4a\xd5\x61\x7f\x78\x7b\x83\x85\x7e\x43\x53\x53\x13\
\xf2\xf3\xf3\x71\xee\xdc\x39\xb4\xb4\xb4\x74\x58\x04\xa5\xdf\x33\
\x70\xe0\x40\x04\x04\x04\x98\x0d\xd3\x05\x31\x18\xba\x5e\x7d\xf5\
\x55\xec\xdb\xb7\xaf\xcb\xba\xae\x25\xe2\x00\xa4\xb9\x10\xf5\x7a\
\x3d\x34\x1a\x0d\xec\xd5\xf6\xb0\x77\xb4\x37\xb9\x4e\xf7\x24\x08\
\x0d\x0d\xc5\x6f\x7e\xf3\x1b\x9c\x3b\x77\x0e\x17\x2f\x5e\x64\x65\
\xd1\x36\x68\x69\x69\x41\x6a\x6a\x2a\x96\x24\x2c\xc1\xf0\x11\xc3\
\x99\x84\x43\xff\x86\x84\x84\x20\x26\x26\x06\x3f\xfe\xf8\x23\x73\
\x0f\xd3\xf6\xd2\xeb\xf5\xc8\xcb\xcb\x43\x79\x79\xb9\xc1\xfb\xd3\
\x46\x62\xd9\xbe\x82\x7e\xe7\x06\xac\xa8\xa8\x40\x7e\x7e\xbe\x2c\
\x94\x16\x30\x10\x87\x52\xa9\xc4\xf0\xe1\xc3\x99\xdb\xce\xf8\xbb\
\x6f\xdd\xba\x85\xb4\xb4\x34\x00\x90\x45\x0d\x52\xc2\x9a\x38\x71\
\x22\x1e\x7b\xec\x31\xa6\xf7\x1b\x3f\x4f\x08\xc1\x99\x33\x67\x98\
\x0a\xe1\xee\xee\x8e\xc5\x8b\x17\x63\xe1\xc2\x85\x5d\x9e\x2d\xe8\
\xbb\xca\xcb\xcb\xf1\xc1\x07\x1f\x60\xeb\xd6\xad\xb2\x1c\xfd\x77\
\x83\x42\xa1\x80\x28\x8a\xf0\xf1\xf1\xc1\xc3\x0f\x3f\x8c\x55\xab\
\x56\xb5\xc6\xc0\x8b\x04\x0a\xa5\xe1\x7a\xd2\xde\x24\xec\xd9\xb3\
\x87\x45\x4e\xde\x0b\xba\x43\x1f\xa6\x33\x70\x7a\x7a\x3a\xbe\xf9\
\xe6\x1b\x5c\xbe\x7c\x19\x1e\xee\x1e\x98\x37\x7f\x1e\x96\x2e\x5d\
\xca\xfc\xfa\xc6\xd2\xc6\x94\x29\x53\x90\x90\x90\xc0\xd4\x11\xe3\
\x89\x20\x23\x23\x03\x67\xcf\x9d\xc5\xb0\xe1\x06\x43\xb0\xd4\x16\
\xa0\x54\x2a\x11\x19\x19\x89\x81\x03\x07\xe2\xd6\xad\x5b\x26\xcf\
\xde\xbe\x7d\x1b\x25\x25\x25\x08\x09\x0e\xe9\xd3\x83\x1f\xe8\x87\
\x12\x40\x69\x69\x29\x4a\x4b\x4b\x01\xc8\x7d\xdb\x84\x10\x78\x78\
\x78\x60\xd8\xb0\x61\x66\x09\x5b\x14\x45\xe4\xe6\xe6\x32\xcf\x81\
\x71\xd4\xa0\x8b\x8b\x0b\x96\x2c\x59\x82\xa0\xa0\x20\x56\xb6\x14\
\x7a\xbd\x1e\x07\x0e\x1c\xc0\x1b\x6f\xbc\x81\xcc\xcc\x4c\xb6\x98\
\xe7\xf4\xe9\xd3\xa8\xac\xac\xc4\x13\x4f\x3c\x61\x88\x37\xa7\x6e\
\xd7\x76\xd0\xd6\x72\x5b\x00\x68\x69\x69\xc1\xb5\x6b\xd7\x3a\xda\
\x1c\x66\x91\x9f\x9f\x0f\x95\x4a\x85\x95\x8f\xad\x84\x9d\x9d\x1d\
\x44\x5e\x64\xdf\x70\xed\xda\x35\xc6\x58\xa8\xc8\x6c\x6d\x1c\x3d\
\x7a\x14\x7f\xfb\xdb\xdf\x70\xec\xd8\x31\x56\xb7\xe3\x27\x8e\xa3\
\xb0\xb0\x10\xeb\xd6\xad\x83\x97\x97\x97\x09\x43\x56\xa9\x54\x78\
\xe8\xa1\x87\x90\x92\x92\x82\xec\xec\x6c\xe6\xee\xa5\xa8\xae\xae\
\x46\x66\x66\x26\xe6\xce\x9d\x0b\x4f\x4f\x4f\x93\xe7\x43\x42\x42\
\x30\x68\xd0\x20\xdc\xbc\x79\xd3\xa4\x3e\x35\x35\x35\xb8\x7a\xf5\
\x2a\xa6\x4e\x9d\xda\x21\xfb\x48\x6f\x06\xdf\x9f\x66\x7f\xc0\xc0\
\x00\x2a\x2a\x2a\x00\x40\x96\xee\x0b\x30\xe8\x87\x61\x61\x61\x00\
\x4c\x07\x59\x43\x43\x03\xb2\xb2\xb2\x64\x86\x23\xe9\x7d\x23\x46\
\x8c\xc0\xd4\xa9\x53\x65\xcc\x43\x5a\x46\x76\x76\x36\xfe\xf9\xcf\
\x7f\xe2\xf8\xf1\xe3\x6c\xf0\x73\x1c\x87\x8b\x17\x2f\x62\xfb\xf6\
\xed\x32\x51\xb4\x33\xa0\x33\x1c\xcf\xf3\x50\x28\x14\xb2\x95\x7a\
\x1d\x39\x14\x0a\x05\xb3\xce\x17\x17\x17\x63\xd7\xae\x5d\x28\xbf\
\x5d\x2e\x9b\xc1\x78\x05\x0f\x37\x37\x37\x99\xc8\xdb\xd1\xf2\x69\
\xdd\x64\x9e\x01\x0b\xa0\xae\xae\x0e\x49\x49\x49\xf8\xe9\xa7\x9f\
\x98\x6f\x5e\xa1\x50\xe0\xfa\xf5\xeb\xd8\xbc\x79\x33\x76\xec\xd8\
\xc1\xd2\x91\x1b\xa7\xee\x0a\x0b\x0b\xc3\xa4\x49\x93\x58\x9a\x77\
\xf6\x9d\x77\x54\x86\x73\x67\xcf\xa1\xac\xac\x0c\x80\x29\x3d\xf8\
\xfb\xfb\xc3\xd7\xd7\xd7\xec\xb5\xda\xda\x5a\x94\x94\x94\xf4\x0a\
\xe6\xd8\x55\xf4\xbb\xd5\x80\x15\x15\x15\xa8\xaa\xaa\x62\x2e\x3b\
\x69\x27\xb9\xba\xba\xb6\x99\x48\x43\xa3\xd1\xe0\xe2\xc5\x8b\xb2\
\xdc\xf6\x52\xeb\xef\xf8\xf1\xe3\x99\xea\x60\xbc\x92\xad\xae\xae\
\x0e\xdb\xb7\x6f\xc7\xd1\xa3\x47\x01\xc8\x07\x0d\x60\x18\x70\xcc\
\x75\x84\xce\x89\xc9\xc6\x8b\x98\x3a\xf3\xbc\xd4\x2b\x52\x54\x54\
\x84\xda\xda\x5a\x56\x5f\xc0\xc0\x30\x67\xcc\x98\x81\xf0\xf0\x70\
\x10\x42\xa0\xd3\xe9\x3a\x7c\xd0\x6d\xc3\x04\x41\x80\x20\x08\x16\
\x53\x07\xca\xca\xca\x50\x50\x50\xc0\xa2\xfa\xa4\xd1\x98\xb7\x6e\
\xdd\xc2\xb6\x6d\xdb\x90\x9b\x9b\x6b\xb8\xd9\x88\xe7\xb8\xba\xba\
\x62\xf2\xe4\xc9\x70\x75\x75\x35\xbb\xc8\xa7\xe0\x6a\x01\xdb\xdd\
\xc8\xd8\x5e\x31\x60\xc0\x00\xc6\x00\x8c\x07\xba\x56\xab\x45\x59\
\x59\x19\x74\xda\xbe\xbf\x44\xb8\xdf\xa9\x00\x35\x35\x35\x68\x68\
\x68\x90\x05\xf7\xd0\x4e\x37\xc9\xf5\x47\x00\x41\x14\xa0\x50\x28\
\x50\x5b\x5b\x8b\xeb\xd7\xaf\xb3\x41\x22\xf5\x02\xa8\xd5\x6a\x44\
\x44\x44\xc8\xe3\xc8\xd1\xca\x00\x4e\x9f\x3e\x8d\x94\x94\x14\x93\
\xf5\x04\xf4\x3e\xb5\x5a\x6d\xd1\x0d\x31\x3a\x3b\xb8\xa4\x75\x0f\
\x0c\x0c\x94\x45\xeb\xd1\x3a\xcf\x9e\x35\x1b\x7f\x7a\xf1\x4f\xd8\
\xbc\x65\x33\x53\x07\xee\x65\x36\xe7\x79\x1e\x3a\x9d\x0e\x1a\x8d\
\x46\x66\x81\xef\x2c\xec\xed\xed\xe1\xe0\xe0\x00\x00\x66\x3d\x33\
\xd9\xd9\xd9\xd8\xbb\x77\x2f\xc6\x8c\x1e\x63\xa2\xda\xf1\x3c\x8f\
\x61\xc3\x86\xc1\xd7\xd7\xd7\x6c\x92\xd7\x8a\x8a\x0a\x14\x17\x17\
\x9b\xb5\xe7\x38\x3a\x3a\xc2\xcf\xcf\x0f\x76\x76\x76\x32\x63\xa8\
\x42\xa1\x80\x20\x08\xb8\x7d\xfb\x36\xea\xeb\xeb\x61\xef\xd0\xb7\
\x37\x3e\x55\x1a\x13\x73\x5f\x86\x28\x8a\xa8\xad\xad\x45\x53\x53\
\x93\x6c\x06\xa6\x7a\xa3\xbb\xbb\x3b\x9c\x9d\x9d\xd9\xfd\xd2\xd9\
\x58\x9a\x09\x98\xea\xbe\x74\x10\x7b\x7b\x7b\x63\xd0\xa0\x41\x06\
\xc3\xa0\x48\x64\xb6\x05\x51\x10\x71\xe6\xcc\x19\x99\xed\xc0\x78\
\x9f\xbc\xe8\xe8\x68\x44\x44\x44\xb0\xb2\xbb\x02\x4b\x04\x9f\x0c\
\x1a\x34\x08\x2b\x56\xac\x80\x8f\xb7\x0f\x2b\x93\xfe\xb5\x77\xb0\
\xc7\xaa\x55\xab\x30\x7a\xcc\x68\xe4\xe5\xe5\x75\x78\x31\x10\xd0\
\x1a\x76\x5b\x5a\x5a\x8a\x1d\x3b\x76\x20\x2b\x2b\xab\xcb\x74\xe5\
\xeb\xeb\x8b\x19\x33\x66\xe0\xf0\xe1\xc3\xa8\xac\xac\x34\x59\x18\
\xa5\xd1\x68\x70\xea\xd4\x29\x14\x97\x14\x9b\x0d\xd1\xf5\xf2\xf2\
\x42\x68\x68\x28\xf2\xf2\xf2\x64\x03\x9d\xe3\x0c\x09\x40\xcb\xca\
\xca\xa0\xd3\xe9\x4c\x72\x2c\x28\x14\x0a\x78\x7a\x7a\xc2\xd1\xd1\
\x51\xc6\x00\xe8\xbb\x1b\x1a\x1a\xd0\xd0\xd0\x00\x6f\x78\x77\x38\
\x7e\xa3\x37\xa2\x7f\x48\x00\x77\x5c\x31\x5a\xad\x16\xf5\xf5\xf5\
\x6c\x69\x2b\x20\x0f\xe5\x74\x71\x71\x31\x59\xc9\x45\x07\x64\x75\
\x75\x35\xeb\x68\x63\xa6\xe8\xed\xed\xcd\x62\xfe\x39\x5e\x6e\x11\
\x2e\x2f\x2f\x47\x6e\x6e\xae\x2c\x83\x8f\xb4\x8c\xb1\x63\xc7\xe2\
\xe9\xa7\x9f\x46\x60\x40\x60\x97\x09\x85\x06\xda\xf8\xfa\xfa\xc2\
\xdd\xdd\xbd\xc3\x49\x49\xa8\x08\xab\x50\x28\x10\x10\x10\x80\x65\
\xcb\x96\x61\xd9\xb2\x65\x70\x70\x34\x8d\x85\x00\x01\x94\x2a\x25\
\xc6\x8e\x1d\x8b\xb1\x63\xc7\x76\xaa\x9e\x85\x85\x85\x48\x4f\x4f\
\x47\x56\x56\x96\x49\x5b\xde\x2b\x54\x2a\x15\x96\x2c\x59\x82\x9c\
\x9c\x1c\x7c\xfa\xe9\xa7\x26\xbb\x13\x13\x42\x50\x5c\x5c\x8c\x4b\
\x97\x2e\x99\x65\x00\xf6\xf6\xf6\x2c\xc1\xab\x31\x03\xa0\x33\xb9\
\x56\xab\x35\x9b\x64\xc5\xc9\xc9\x49\xb6\xb5\xb9\xb4\xad\x9a\x9b\
\x9b\x59\x76\xe3\xbe\x0c\x65\x5f\xe5\x5c\x52\xd0\x8e\xd5\xe9\x74\
\xac\x53\x8c\xdd\x80\x4a\xa5\xd2\x84\x01\x48\x75\xe2\xc6\xc6\x46\
\x36\xa0\xe8\xcc\x4d\x55\x01\x4f\x4f\x4f\x26\xc2\xcb\xe2\xdf\x61\
\x70\x09\x5d\xbf\x7e\x1d\x1c\xcf\x81\xe7\xe4\x41\x47\xce\xce\xce\
\x58\xbe\x7c\x39\x66\xcc\x98\x61\x62\x51\xbf\xd7\x76\xa7\x36\x0d\
\x1f\x1f\x1f\xac\x59\xb3\x06\x33\x67\xce\x94\x65\xd6\x69\x0f\xd2\
\xef\xf1\xf3\xf3\x63\x6b\x20\xda\xaa\x87\x25\x67\x34\x63\x17\x5a\
\x67\x10\x10\x10\x80\x55\xab\x56\xe1\xd8\xb1\x63\xc8\xcd\xcd\x95\
\x31\x77\x41\x10\x50\x55\x55\xc5\x8c\x79\x80\x9c\x81\x3b\xd8\x3b\
\xb4\x99\xe2\x9d\x10\x82\x86\x86\x86\x36\x19\xa9\xbd\xbd\x7d\x9b\
\xd9\x97\x5a\x5a\x5a\xd0\xa2\xed\xfb\x6b\x02\xfa\x87\x04\xd0\x0e\
\x68\xe7\x4a\xad\xd4\x14\xd2\xdf\x52\x22\xa0\x8c\x81\x5e\xb7\xb7\
\xb7\x97\x31\x0e\xa9\x18\xda\xd4\xd4\x64\x08\x7b\xbd\x23\x85\x48\
\x89\x7d\xc0\x80\x01\x6c\xb9\xb1\xf1\xfb\xee\x15\xb4\x5c\x27\x27\
\x27\x44\x47\x47\x63\xca\x94\x29\x9d\x2e\xab\xbb\xd1\x1d\x93\xca\
\xd0\xa1\x43\x11\x18\x18\xc8\x42\xbc\xa5\x33\x79\x73\x73\x73\x9b\
\xa1\xc7\x4a\x95\x92\xd9\x10\xa4\xa0\x7d\xdc\x5e\xf2\x15\xea\x45\
\xa2\xef\x91\xde\x67\x8d\x28\xc7\xee\x40\xbf\x63\x00\xd2\x4e\x91\
\xce\xe2\x84\x90\xb6\x45\x66\x02\x08\x7a\xb9\xe5\x5a\xfa\x5b\x14\
\x45\x19\x23\x91\x82\x57\xf0\x26\x7a\x3d\x25\x2c\x41\x10\xa0\xd1\
\x68\xba\xfa\x49\xec\xbd\xd4\xae\x20\x8b\xd0\xbb\xdb\xe4\x2a\xa9\
\xae\xd4\x30\x4a\xcb\x6c\xeb\x5d\x82\x20\xdc\xf3\xaa\x3e\xba\xd6\
\xa2\xb1\xb1\x51\x26\xaa\x77\x95\xf1\x51\x5d\xdf\xdc\x20\xa7\x2e\
\xce\xb6\xda\xa1\xbd\x7e\xef\xeb\x0b\x79\x2c\x81\x7e\x11\x09\x48\
\x03\x6b\xa4\xbe\x6e\x40\x2e\x0a\x0a\x82\x00\xad\x56\x6b\xe2\xd2\
\xa1\xdf\x6f\x6f\x6f\x2f\x73\x31\x49\x51\x57\x57\x27\x1b\x74\xd2\
\x04\x9d\xae\xae\xae\xf0\xf0\xf0\x90\x3d\x47\xcb\x2c\x2f\x2f\xc7\
\x8f\x3f\xfe\x88\xb8\xb8\x38\xb8\xbb\xbb\xb3\xba\x74\x06\xf4\x5b\
\x78\x9e\x97\xdb\x31\xee\xa1\x38\x3a\x6b\x11\x91\xb0\x2c\x49\xe6\
\xea\x53\x5b\x5b\x8b\xa3\x47\x8f\xe2\xec\xd9\xb3\xf7\xa4\xe7\x52\
\x1b\x45\x55\x55\x95\x2c\x89\x66\x57\x68\x8c\x32\xbe\xe3\xc7\x8f\
\x33\x57\x2a\x2d\x13\x30\xf4\x85\x93\x93\x13\xdc\x3d\xdc\x65\xcf\
\x50\xe8\x74\x3a\xd4\xd7\xd7\x9b\xad\x2b\x4d\x07\xcf\x73\xbc\xc9\
\x35\xaa\x52\x52\x46\x66\x4c\x37\x4a\xa5\xb2\xc7\x57\x3d\x76\x07\
\xfa\x85\x0d\x80\x42\xad\x56\xc3\xd9\xd9\x59\xe6\xc7\x97\x12\x4a\
\x43\x43\x83\xac\x23\xa5\x36\x00\x17\x57\x17\xd6\xa1\xc6\x04\x5b\
\x5d\x5d\x8d\x86\x86\x06\xd9\x35\x5a\xae\x8f\x8f\x0f\x82\x83\x83\
\xd9\xbb\x68\x08\x31\x5d\x3e\xba\x7b\xf7\x6e\x4c\x98\x30\x01\xbf\
\xfa\x95\x65\x76\x98\x11\x45\x11\x1a\x8d\x86\x19\x3b\x3b\x02\x29\
\x23\xb4\xb3\xb3\x83\x9d\x9d\x1d\x14\x50\x98\xd8\x49\x00\x83\x75\
\x7b\xd3\xa6\x4d\xf8\xec\xb3\xcf\x50\x51\x51\xd1\xe6\x3b\xcc\x85\
\x41\xd3\xf3\x54\xfa\xb1\x14\x6d\x9d\x3e\x7d\x1a\x9f\x7c\xf2\x09\
\x6e\xdd\xba\x65\xc2\x9c\xa9\x97\x86\xc6\x68\x18\xa3\xb9\xa5\x99\
\x05\x86\x19\xab\x7f\x94\x81\xab\xed\x8c\xf4\xfc\x3b\xea\x5c\x53\
\x53\x93\x49\x56\x61\x0a\x13\x46\xdc\x47\xd1\xf7\x59\x18\x5a\x07\
\xa5\x52\xa9\x84\xa7\xa7\x27\xd4\x6a\x35\xb4\x5a\x2d\xf3\xd9\x52\
\xe2\xac\xae\xae\x86\x46\xa3\x81\x93\x93\x93\x09\x61\xfb\xf8\xf8\
\x30\xbf\xb8\xb1\xa1\xaf\xb4\xb4\x14\xb7\x6e\xdd\x02\xd0\xba\x2e\
\x80\x12\xa2\xbb\xbb\x3b\x46\x8f\x1e\x0d\x77\x77\x77\xd4\xd6\xd6\
\xca\x06\x02\xc7\x71\x28\x2d\x2d\xc5\xb6\x6d\xdb\x30\x7e\xfc\x78\
\x8c\x1c\x39\xb2\xcb\xdf\x5a\x56\x56\x86\x8f\x3e\xfa\x08\x87\x0e\
\x1d\xba\xa7\x80\x1b\xda\x46\xc1\xc1\xc1\x58\xb4\x68\x11\xc6\x8d\
\x1b\x07\xa5\x52\x69\x12\xf5\xb8\x6f\xdf\x3e\x7c\xf6\xd9\x67\x26\
\x3b\x13\x75\x46\x5c\xa6\x6d\xd4\x15\x46\xa0\xd1\x68\xf0\xfd\xf7\
\xdf\xe3\xc4\x89\x13\xad\x12\x8c\x84\xa9\xf3\x3c\x8f\x88\x88\x08\
\x99\x61\x53\x8a\xba\xda\x3a\xb3\xa1\xd3\x94\x59\x0f\x1c\x38\x10\
\x76\x76\x76\xb2\x6b\xd2\x00\xaf\xb6\x16\x44\x39\x39\x39\x59\x34\
\xb6\xc3\x5a\xe8\x17\x2a\x80\x74\xd0\x39\x3b\x3b\xc3\xde\xde\x9e\
\x6d\x69\x45\x67\x22\x42\x08\x6a\x6b\x6b\x51\x53\x53\x83\x81\x03\
\x07\x1a\xee\x97\xc8\xcf\x5e\x5e\x5e\xf0\xf5\xf5\x65\x51\x65\x52\
\x42\xab\xad\xad\x45\x7e\x7e\x3e\x9a\x9a\x9a\x60\x67\x67\x67\x62\
\x00\x8a\x8d\x8d\xc5\x98\x31\x63\x90\x96\x96\x26\x23\x4e\x5a\x46\
\x71\x71\x31\xae\x5e\xbd\xda\x65\x06\x40\x75\xe1\x63\xc7\x8e\xe1\
\xc4\x89\x13\x1d\x1a\x94\xd2\x41\x43\x45\xf4\xc3\x87\x0f\xe3\xef\
\x7f\xff\x3b\x66\xce\x9c\x29\x0b\x9e\xd1\xeb\xf5\x38\x79\xf2\xa4\
\x6c\xf0\x9b\xdb\x1f\xa0\x2d\x50\xb1\xfa\x5e\x68\xea\x6e\x6e\xc2\
\xd2\xd2\x52\x5c\xbc\x78\x11\x82\x20\xc8\x16\x68\x51\x49\x23\x30\
\x30\x10\x73\xe6\xcc\x69\xd3\xd2\x7f\xe3\xfa\x0d\xb6\xc9\xaa\xf1\
\x3b\x9c\x9c\x9c\x4c\x56\x46\x1a\x6e\x34\xb4\x45\x45\x45\x45\x9b\
\xee\x5d\xe3\x98\x92\xbe\x8a\x7e\xb1\x16\x40\x3a\x20\xdd\xdc\xdc\
\x4c\xf2\xd1\x49\x07\x32\x15\x07\x0d\x0f\xb6\xfe\x74\x71\x71\x41\
\x70\x70\x30\x1b\x10\xd2\x81\x21\x8a\x22\xce\x9e\x3d\x8b\x8a\x8a\
\x0a\xb3\x81\x3c\x23\x47\x8e\xc4\x92\x25\x4b\xe0\xec\xec\xcc\x0c\
\x61\x54\xc4\xa4\xef\xef\xea\x5e\x83\x52\xc3\x9d\x28\x8a\xb2\xb0\
\xdb\x8e\x1e\xa2\x28\xa2\xb1\xb1\x11\xa7\x4e\x9d\xc2\x67\x9f\x7d\
\x86\xaa\xaa\x2a\xd9\x3b\xa8\x9d\x44\x0a\xa9\x34\x44\x07\x78\x7b\
\x87\xb4\xae\xed\xa2\x83\x02\x85\x4a\xad\x62\xa2\xb6\x74\x9d\x01\
\xed\xd3\x59\xb3\x66\x61\xee\xdc\xb9\x66\x9f\x6d\x69\x69\xc1\xd9\
\x73\x67\x59\x68\xb8\x31\xe3\xf6\xf3\xf3\x6b\x73\x13\xd8\xda\xda\
\x5a\xdc\xbc\x79\x53\x16\x1a\x0e\xb4\xd2\x92\x97\x97\x17\x93\x1c\
\xfa\xf2\x18\xea\x77\x6b\x01\x7c\x7c\x7c\x58\xd0\x0e\x9d\x85\x69\
\x07\x55\x56\x56\xb2\x2c\xc1\xd4\x95\x27\x75\xaf\x45\x45\x45\xb1\
\xa5\xbe\xc6\xa2\xfe\x99\x33\x67\x70\xe1\xc2\x05\x00\xa6\xe2\xb0\
\x5a\xad\xc6\x43\x0f\x3d\x84\x87\x1f\x7e\x18\x4a\xa5\x12\x3a\x9d\
\x0e\xa2\x28\xb2\xb4\x53\x91\x91\x91\x2c\x12\xb0\x2b\x90\x32\x81\
\x7b\x39\xa4\xcf\x50\x46\x74\xf6\xec\x59\xe6\x3b\xa7\x03\xd7\xce\
\xce\x0e\xd1\xd1\xd1\xcc\x60\xd9\x91\x01\x2f\x3d\x8c\x99\x85\x25\
\x5c\x65\xfe\xbe\xfe\x88\x8d\x8d\x85\xb3\xb3\x33\xdb\xa7\x80\x32\
\xb3\x49\x93\x26\x61\xed\xda\xb5\xf0\xf7\xf7\x37\xfb\xec\xad\x5b\
\xb7\x70\xe4\xc8\x11\x93\xc4\xb0\x14\xe1\xe1\xe1\x6d\x26\x75\x2d\
\x2d\x2d\x65\x2b\x01\xcd\x49\x0e\xfe\xfe\xfe\xfd\xc2\x08\xd8\xef\
\x18\x80\xaf\xaf\x2f\xbc\xbd\xbd\x01\x98\x86\xcd\x56\x54\x54\xb0\
\x90\x5d\x40\x6e\xed\xb7\xb7\xb7\xc7\xe8\xd1\xa3\xdb\x24\x88\x92\
\x92\x12\x24\x27\x27\x43\xa3\xd1\x98\x04\xf5\x10\x42\x10\x10\x10\
\x80\x0d\x1b\x36\xe0\xc9\x27\x9f\x84\xaf\xaf\x2f\x78\x9e\x87\x93\
\x93\x13\xe6\xcf\x9f\x8f\xb5\x6b\xd7\x22\x24\x24\xc4\x22\x61\xbc\
\xd2\x77\xde\x6d\x80\x1a\x5f\x97\xbe\x5b\x1a\xdb\x20\x65\x12\x0b\
\x17\x2e\xc4\x13\x4f\x3c\xc1\xda\xd0\xda\x50\xa9\x55\x58\xb6\x6c\
\x19\x7e\xfb\xdb\xdf\x22\x38\x38\x18\x76\x76\x76\xf0\xf4\xf4\xc4\
\xfc\xf9\xf3\xf1\xf2\xcb\x2f\x63\xe2\xc4\x89\xec\x5e\xe3\xb6\x3d\
\x75\xea\x14\xb2\xb3\xb3\x19\x33\xa7\x10\x45\x11\x6a\xb5\x1a\x31\
\x31\x31\x6d\x7e\x67\x49\x49\x09\x63\x00\xc6\xe5\xba\xba\xba\x22\
\x28\x28\xa8\xc7\x37\x3e\xe9\x0e\xf4\x7d\x16\x76\x07\x74\xc6\xf1\
\xf3\xf3\x63\x6b\xf6\x8d\xd1\xd8\xd8\x88\x4b\x97\x2e\xa1\xaa\xaa\
\x4a\xa6\x33\xd2\x67\x69\xb6\x20\xba\x93\x10\x05\x75\x09\x1d\x3c\
\x78\x10\x0f\x3c\xf0\x00\x66\xcf\x9e\xcd\xc4\x50\xe9\xe0\x19\x31\
\x62\x04\xfe\xfc\xe7\x3f\x23\x2e\x2e\x0e\xd7\xaf\x5f\x87\xa3\xa3\
\x23\x62\x63\x63\x11\x15\x15\x65\x91\x88\x38\xa0\x55\xaa\xe9\xc8\
\x52\x54\xa9\xbe\x2c\xf5\x5e\xa8\x54\x2a\xcc\x9e\x3d\x1b\x7e\x7e\
\x7e\xec\x3a\x45\x40\x40\x00\xfe\xf8\xc7\x3f\x22\x3a\x3a\x1a\xb9\
\xb9\xb9\xd0\x6a\xb5\x1d\x22\x74\x5a\x86\x5a\xad\x46\x55\x55\x15\
\x0e\x1f\x3e\x8c\xfc\xfc\x7c\x8b\x6c\xb3\x1e\x1a\x1a\x8a\x3f\xfc\
\xe1\x0f\x98\x3c\x79\x32\xca\xcb\xcb\xe1\xe0\xe0\x80\xa8\xa8\x28\
\xd6\xae\xe6\x50\x56\x56\x86\xed\xdb\xb7\xa3\xac\xac\x8c\xc5\x83\
\x48\xdb\x6c\xd0\xa0\x41\x88\x8e\x8e\x96\x25\x6a\x91\xb6\x17\xdd\
\x25\xc8\x1c\x3c\x3c\x3c\x10\x1a\x1a\x6a\x63\x00\xbd\x05\x52\x22\
\x70\x72\x72\x42\x64\x64\x24\x1c\x1c\x1c\xd0\xdc\xdc\x2c\x5b\x9d\
\x27\x8a\x22\x2e\x5f\xbe\x8c\x0b\x17\x2e\x60\xca\x94\x29\xcc\x8a\
\x4c\x3b\xde\xd7\xd7\x17\xf3\xe7\xcf\x47\x72\x72\x32\x7b\x96\x96\
\x4f\x08\xc1\xe5\xcb\x97\xf1\xd1\x47\x1f\x21\x2a\x2a\x0a\x3e\x3e\
\x3e\xcc\x30\x25\x7d\x7f\x50\x50\x50\x9b\x0c\xa8\xab\xe2\x30\xfd\
\x86\x7b\x65\x24\xd2\xf0\x64\x57\x57\x57\x2c\x5f\xbe\x1c\xcf\x3e\
\xfb\x6c\x9b\xfb\xdc\x05\x06\x06\x62\xd5\xaa\x55\xd0\x6a\xb5\x1d\
\x5e\x0d\x48\xeb\xa6\x56\xab\x51\x50\x50\x80\x9b\x37\x6f\x22\x3f\
\x3f\xdf\x24\xf8\xa8\xb3\x18\x38\x70\x20\x12\x12\x12\x3a\x7c\xff\
\xce\x9d\x3b\x91\x96\x96\x06\x9d\x4e\xc7\x8c\x87\xd2\x76\x8b\x8d\
\x8d\xc5\x88\x11\x23\x00\x18\xad\x11\x00\x87\x9a\x9a\x1a\x64\x67\
\x67\xb3\x9d\x8d\x8c\xd5\xc5\xa1\x43\x87\x62\xf0\xe0\xc1\x26\xcf\
\xf6\x45\xf4\x0b\x06\x60\x8c\xc8\xc8\x48\x04\x07\x07\xe3\xe2\xc5\
\x8b\x26\x83\xe5\xea\xd5\xab\xc8\x48\xcf\xc0\x94\x29\x53\x4c\x8c\
\x3b\x2a\x95\x0a\xd3\xa6\x4d\xc3\xb8\x71\xe3\x70\xec\xd8\x31\x59\
\xe7\xd2\x94\x5a\x07\x0e\x1c\xc0\xd6\xad\x5b\xb1\x66\xcd\x1a\xb8\
\xb8\xb8\x30\xc2\xe8\xee\xd9\x80\xbe\xc7\xdb\xdb\x1b\x09\x09\x09\
\x18\x33\x66\x4c\x87\x23\xf5\xa4\x01\x4a\x41\x41\x41\x88\x8d\x8d\
\x6d\x5d\x20\xd3\x4e\x86\x22\xb5\x5a\xdd\xa9\x9d\x88\xd5\x6a\xb5\
\x2c\xa8\xaa\x3b\x76\x52\x6e\x0b\xa2\x28\x22\x2d\x2d\x0d\x1f\x7d\
\xf4\x11\x6a\x6a\x6a\x64\xfd\xa2\x50\x28\xa0\xd3\xe9\xe0\xe5\xe5\
\x85\x85\x0b\x17\x32\xdb\x81\x6c\x00\x73\x86\xbc\x88\x59\x59\x59\
\xec\x94\x94\x81\xd2\x50\x6c\xca\x3c\xfb\x7a\x46\xa0\x7e\xc9\x00\
\xa2\xa2\xa2\x30\x6c\xd8\x30\xc6\x00\xa4\x1d\x5c\x5f\x5f\x8f\x63\
\xc7\x8f\x61\xc5\x8a\x15\xf0\xf5\xf3\x35\x91\x02\x86\x0e\x1d\x8a\
\x87\x1e\x7a\x08\xd9\xd9\xd9\x6c\x5f\x00\xa9\x68\xa8\xd1\x68\xf0\
\xd1\x47\x1f\xc1\xd7\xd7\x17\x89\x89\x89\x66\xe3\xcc\x81\x56\xc3\
\x9a\x25\x19\x03\x21\x04\xee\xee\xee\x58\xb0\x60\x01\x12\x13\x13\
\x3b\xbc\x79\xa7\x54\x05\x90\x0e\x68\x42\x08\xcb\x84\xdb\xd6\xfb\
\xee\x05\xd4\x03\xd2\xd3\x9b\x9b\x52\x70\x1c\x87\x8c\x8c\x0c\x6c\
\xda\xb4\xc9\x6c\x56\x62\xaa\x3e\xcd\x9d\x3b\x17\x33\x66\xcc\x30\
\x1b\xe3\x20\x8a\x22\x32\x32\x32\x70\xfe\xfc\x79\x76\x4e\x4a\x43\
\x3e\x3e\x3e\x18\x37\x6e\x5c\xab\x6a\xd3\xb7\xc7\x3f\xf8\xfe\x18\
\x0f\xed\xe7\xe7\x87\x98\x98\x18\x93\xd4\xdf\x52\x8b\xfe\xe9\xf4\
\xd3\x00\xe4\x06\x30\x2a\x05\xc4\xc7\xc7\x63\xda\xb4\x69\x00\x4c\
\x23\xff\xa8\x7e\xf8\xee\xbb\xef\x22\x35\x35\x55\x56\x06\x05\x21\
\x86\x41\x65\x29\xbd\x5f\xfa\x0e\x9e\xe7\x59\x66\x1c\xb5\x5a\xcd\
\x22\xfb\xda\x3b\xe8\x7d\xc6\xb3\xb9\x39\x3f\xbf\xf1\xf5\xce\x78\
\x1c\xac\x85\x82\x82\x02\xbc\xfb\xee\xbb\xb2\x1d\x9d\x28\x68\x74\
\xe2\xa0\x41\x83\xb0\x7c\xf9\x72\x36\xfb\x1b\x07\x6e\x15\x15\x15\
\xe1\xa7\x9f\x7e\x62\x01\x40\xf4\x9b\x28\x43\x0f\x0d\x0d\xc5\xb8\
\x71\xe3\x2c\xda\xb7\xd6\x44\xbf\x88\x03\x30\x06\xc7\x71\x98\x30\
\x61\x02\x06\x0d\x1a\x64\xf6\x5a\x51\x51\x11\x52\x52\x52\x50\x5d\
\x5d\x6d\xd2\x91\x82\x20\x20\x3c\x3c\x1c\xab\x57\xaf\x86\x9f\x9f\
\x9f\x89\x78\x4f\xdb\xeb\xcc\x99\x33\xf8\xf2\xcb\x2f\x51\x5d\x5d\
\xdd\x46\x25\x2c\xfb\x4d\xc6\xdf\xd0\x9b\x61\x8d\x81\x41\x08\x41\
\x52\x52\x12\x92\x92\x92\xcc\x66\x34\xa6\x7b\x16\x2c\x5d\xba\x14\
\x73\xe6\xcc\x61\xe7\xa5\x8c\x4b\x14\x45\x9c\x3a\x75\x0a\x3f\xfd\
\xf4\x13\x00\x98\xf4\xbb\xab\xab\x2b\xa6\x4c\x99\xd2\x1a\x48\xd6\
\x0f\x98\x40\xdf\x37\x63\x1a\x81\x76\xc8\xd8\xb1\x63\x0d\x69\xa2\
\x78\x85\xcc\xfa\x4b\x3b\xfb\xc8\x91\x23\x38\x71\xe2\x04\x3b\x47\
\x67\x7a\xda\xe9\x73\xe6\xcc\xc1\xea\xd5\xab\xe1\xe0\xe0\x60\x62\
\x08\xa3\xc4\x75\xe9\xd2\x25\x16\x1b\xd0\xdd\x30\x27\xae\xde\x0b\
\x2c\xe9\x82\xec\x4d\xa0\xdf\x54\x5f\x5f\x8f\x73\xe7\xce\xa1\xa1\
\xa1\xc1\x44\xaa\xa1\xfd\x3f\x6f\xde\x3c\x3c\xf1\xc4\x13\x6d\x6e\
\x5c\x5a\x52\x52\x82\xa4\xa4\x24\x93\xf4\x61\x54\x45\x38\xb5\x31\
\x5b\x00\x00\x20\x00\x49\x44\x41\x54\x0c\x08\x08\xc0\x9c\x39\x73\
\x64\x7d\xd1\xdb\x99\xf1\xdd\xd0\x2f\x6d\x00\x80\x21\x8b\xcf\xac\
\xd9\xb3\x90\xf6\x53\x1a\xca\xca\xca\xcc\x8a\xf1\xfb\xf6\xed\x43\
\x6c\x6c\x2c\x4b\x2b\x4d\xaf\x81\x18\x22\xbd\x9e\x7a\xea\x29\x14\
\x15\x15\x61\xe7\xce\x9d\x4c\xbf\x35\xee\x74\x73\x6e\xae\xee\x98\
\x19\xa4\xd1\x8c\x29\x29\x29\x28\x2f\x2f\x37\x09\x53\x6d\x0f\xd4\
\x63\x11\x18\x18\x88\xd8\xd8\x58\xe6\x02\xec\xeb\xa0\x7d\xa1\x54\
\x2a\x99\x8a\x63\xec\x79\x20\x84\x60\xd4\xa8\x51\xf8\xdd\xef\x7e\
\x87\xa8\xa8\x28\xf6\xac\xf4\x1e\x41\x10\x70\xe4\xc8\x11\xb6\x2f\
\x84\x31\x13\x51\xa9\x54\x18\x3f\x7e\x3c\xdb\x52\x4e\xfa\xee\xbe\
\x8c\x7e\xc7\x00\xa4\x9d\x12\x17\x17\x87\x5d\xbb\x76\xa1\xac\xac\
\x4c\xa6\xcb\x73\x9c\x61\x79\xf0\x81\x03\x07\x30\x6b\xd6\x2c\xac\
\x58\xb1\x42\x66\x08\xa4\xe2\x7b\x58\x58\x18\x36\xfe\xd7\x46\xd4\
\xd7\xd5\xe3\xe0\xa1\x83\xd0\xeb\xf5\xcc\xaa\xad\x50\x28\x10\x15\
\x15\x25\xdb\x49\xb6\xad\x7a\x58\x02\xb4\xde\x95\x95\x95\xd8\xb2\
\x65\x0b\x3b\xd7\x11\x48\x03\x61\x7c\x7c\x7c\xb0\x68\xd1\x22\xbc\
\xf8\xe2\x8b\x6d\xd6\xbd\x2f\xc2\xd1\xd1\x11\x63\xc7\x8e\x85\x9b\
\x9b\x1b\xcb\x76\x0c\x18\xda\x68\xf0\xe0\xc1\x78\xe9\xa5\x97\xb0\
\x60\xc1\x02\x76\x4e\x7a\x9d\xe3\x0c\xe9\xdb\xbf\xfa\xea\x2b\x16\
\x37\x20\xed\x3f\x41\x10\xe0\xeb\xeb\x8b\x85\x0b\x17\xb6\xb9\xe6\
\xa0\xaf\xa2\xdf\xa9\x00\x52\xd0\x95\x6f\x0e\x0e\x0e\xb2\xb0\x60\
\x7a\x14\x17\x17\xe3\xe3\x8f\x3f\x36\xbb\x8d\x38\xc5\xe8\x31\xa3\
\xf1\xd7\x57\xff\x8a\xc5\x8b\x17\xc3\xde\xde\x9e\xed\x30\x34\x7f\
\xfe\x7c\x3c\xfb\xec\xb3\x18\x30\x60\x40\x8f\x7c\x0b\x0d\xe3\x25\
\x84\x18\xd2\x51\xb5\xb4\x40\xab\xd5\x76\xe8\xd0\xeb\xf5\x2c\x7d\
\xf7\x8d\x1b\x37\xf0\xf1\xc7\x1f\xe3\xd3\x4f\x3f\xb5\xca\x06\x9e\
\xdd\x89\x07\x1e\x78\x00\x6b\xd6\xac\x69\xcd\xdf\xc8\x71\x88\x8a\
\x8a\xc2\xcb\x2f\xbf\x8c\x47\x1e\x79\x04\x80\xf9\xc1\xaf\xd3\xea\
\xb0\x7d\xfb\x76\xb6\xc0\xca\xd8\x73\x00\x00\x93\x27\x4f\xc6\xa4\
\x49\x93\xfa\xc5\xac\x2f\x45\xbf\x93\x00\x28\x44\x51\x84\x4a\x69\
\xb0\xe8\xef\xdb\xb7\x0f\x87\x0f\x1f\x96\xcd\x84\x34\x32\xec\xf8\
\xf1\xe3\xd8\xbc\x79\x33\x36\x6e\xdc\x68\xc2\xdd\x29\xb1\x8c\x1b\
\x37\x0e\x7f\xff\xfb\xdf\x31\x6f\xde\x3c\x94\x96\x96\xc2\xdb\xdb\
\x1b\x93\x26\x4d\x42\xf4\xd8\x68\xc3\x3d\x04\x77\xdd\xed\xa7\x23\
\xb8\x9b\x4e\x29\x5d\xa3\x40\xd1\xd1\x20\x1d\x69\x6c\xbe\x5e\xaf\
\xc7\x91\x23\x47\xf0\xd4\x53\x4f\x61\xc8\x90\x21\x5d\xae\x77\x7b\
\xe8\x49\x3d\xd9\xdf\xdf\x1f\xeb\xd7\xaf\x47\x4c\x4c\x0c\x2e\x5e\
\xbc\x08\x47\x47\x47\x8c\x1b\x37\x0e\x93\x27\x4f\x66\x75\x91\x82\
\xe7\x79\xe8\xf5\x7a\x24\x1f\x48\xc6\xb6\x6d\xdb\xd0\xdc\xdc\x6c\
\xb2\x83\x10\x21\x04\x3e\x3e\x3e\x58\xb6\x6c\x19\xfc\xfd\xfd\xfb\
\x85\xde\x2f\x45\xbf\x65\x00\x1c\xc7\x01\x1c\x30\x74\xc8\x50\xac\
\x5a\xb5\x0a\xd9\xd9\xd9\xa8\xac\xac\x94\xe9\xec\x1c\xc7\xa1\xa5\
\xa5\x05\x5f\x7e\xf9\x25\x86\x0c\x19\xc2\xf6\xcb\x93\x5e\xa7\xc4\
\x30\x72\xe4\x48\x44\x44\x44\xb0\x0c\xb2\xd2\xe0\x1a\x4b\x5b\xfc\
\xa5\x96\x69\xa9\xf1\x8e\x1a\x29\xef\x69\xd5\x1d\xe4\x83\x90\x3e\
\xdb\xd4\xd4\xd4\xe5\xcd\x3f\xcd\xd5\x9b\xbe\xaf\xad\x6b\x0a\x85\
\xc2\x22\xe1\xc1\x6d\x21\x20\x20\x00\x2b\x56\xac\x60\x21\xcc\xd2\
\x05\x3b\xe6\x8c\x77\x19\x19\x19\x78\xf3\xcd\x37\x91\x9f\x9f\x6f\
\xe2\x36\xa4\x1e\xa0\xc5\x8b\x17\x63\xfa\xf4\xe9\x06\xe6\x20\x5a\
\xbe\xbf\xad\x89\x7e\x19\x07\x00\x48\x08\x4e\xa9\xc0\x03\x0f\x3c\
\x80\x25\x4b\x96\x40\xa5\x52\xb1\x24\x1a\xd2\x0e\x2e\x2b\x2b\xc3\
\xbb\xef\xbe\x8b\x83\x07\x0f\xb6\x59\x0e\x60\x98\x31\xa4\xa9\xc3\
\xe8\x75\x4b\xcd\x08\xd2\x78\x7a\x63\xc2\x35\x9e\xf5\x29\x73\xba\
\xdb\x21\x5d\xa5\x27\x5d\xb2\x1b\x19\x19\x09\x1f\x1f\x1f\x8b\xd4\
\xdb\xb8\xfe\xd2\x94\xd9\xd2\x7a\x02\xad\x71\x0c\x74\x10\x75\x57\
\xfc\x80\x71\x1b\x9a\xab\xe7\xc5\x8b\x17\xf1\xd6\x5b\x6f\x99\x24\
\x1b\x91\xd6\x37\x32\x32\x12\x4f\x3d\xf5\x14\xfc\xfc\xfc\xac\x16\
\xe0\xd4\x9d\xe8\xd7\x36\x00\x0a\x4f\x4f\x4f\x3c\xf3\xcc\x33\xcc\
\x02\x2c\x75\xf9\xd1\x8e\xbf\x78\xf1\x22\x36\x6d\xda\x84\x9f\x7f\
\xfe\xd9\xca\xb5\x35\xe4\x34\x90\xa6\x21\xa7\xa0\xcb\x60\x8d\x07\
\x76\x7b\x07\x2d\x83\xde\xaf\x52\xa9\x30\x66\xcc\x18\x3c\xf9\xe4\
\x93\x06\x95\xc7\x82\xf4\x4c\x99\x4b\x45\x45\x05\xdb\x72\x0b\x90\
\x4b\x52\x76\x76\x76\xf0\xf0\xf0\xb0\xba\x18\x5d\x56\x56\x86\x7f\
\xfd\xeb\x5f\x48\x4e\x4e\x36\x09\x88\xa2\x75\x73\x77\x77\xc7\xea\
\xd5\xab\x31\x61\xc2\x04\x76\xde\x12\xaa\x5e\x6f\x42\xbf\x55\x01\
\x28\xe8\x60\x1f\x3b\x76\x2c\x1e\x7f\xfc\x71\x14\x17\x17\xa3\xa2\
\xa2\x42\x26\x0e\xd2\xd4\x61\xe9\xe9\xe9\x78\xf5\xd5\x57\xf1\x8f\
\x7f\xfc\x03\xe3\xc7\x8f\xb7\x5a\x9d\x3d\x3c\x3c\xcc\xce\xce\xd4\
\x53\xe1\xe5\xe5\x85\xb1\x63\xc7\xc2\xd9\xd9\xd9\x44\x27\x95\xb9\
\x33\xef\x80\xc6\xe2\x2b\x14\x0a\x04\x07\x07\x63\xc9\x92\x25\x88\
\x8d\x8d\xb5\x78\x98\x32\x45\x51\x51\x91\xc9\x52\x5a\x5a\x1f\x67\
\x67\x67\xf8\xf9\xf9\x59\x85\x01\xd0\xb6\xaa\xaa\xaa\xc2\x3b\xef\
\xbc\x83\xff\xfc\xe7\x3f\x6c\xb1\x90\xd4\xb6\x42\x83\x86\x1e\x78\
\xe0\x01\x24\x26\x26\xca\xec\x02\xd6\x66\x5c\x96\x46\xbf\x67\x00\
\x52\xb1\x7a\xe9\xd2\xa5\xb8\x74\xe9\x12\x36\x6f\xde\xcc\x32\xbd\
\x70\x1c\x27\x5b\x0f\x70\xe4\xc8\x11\x6c\xd9\xb2\x05\xc3\x87\x0f\
\x6f\x33\x60\xa4\xbb\xe1\xe2\xe2\x82\xd0\xd0\x50\xa8\x54\x2a\xe6\
\x7a\x04\x0c\x03\x58\xab\xd5\xc2\xcb\xcb\x0b\xbf\xfd\xed\x6f\x31\
\x75\xea\x54\xe8\x74\x3a\xd9\x40\xbe\x1b\xa1\xaa\xd5\x6a\x59\xee\
\xc3\xf6\xee\xbd\x17\xd0\xb6\xac\xad\xad\xc5\xa9\x53\xa7\x64\x4c\
\x56\x5a\xbe\x34\x0b\x4f\x4f\x0e\x2a\xa9\x1b\x38\x39\x39\x19\x5f\
\x7d\xf5\x15\x5b\x2c\x64\x2e\x53\xf4\x84\x09\x13\xf0\xcc\x33\xcf\
\xb0\x55\x7f\xfd\x21\xea\xcf\x1c\xfa\x3d\x03\x90\x22\x30\x30\x10\
\xeb\xd7\xaf\xc7\xf5\xeb\xd7\xb1\x67\xcf\x1e\xb3\x41\x3d\x3a\x9d\
\x0e\xe9\xe9\xe9\x28\x29\x29\xb1\x48\x16\x9f\xce\x80\xe3\x38\x44\
\x46\x46\xc2\xd7\xd7\x57\xb6\x26\x9d\x12\x60\x71\x71\x31\x72\x72\
\x72\xb0\x78\xf1\xe2\x4e\xbf\xa3\xbb\x88\x39\x23\x3d\x03\xa9\xa9\
\xa9\x26\x21\xd4\x82\x20\xc0\xde\xde\x1e\xa3\x46\x8d\xb2\x8a\x2f\
\x9d\xae\xcf\x68\x6c\x6c\xc4\xf1\xe3\xc7\x71\xf3\xe6\x4d\x19\x83\
\x92\xee\xe5\x10\x14\x14\x84\xf5\xeb\xd7\x63\xea\xd4\xa9\xf2\xe7\
\xfb\xd9\xec\x0f\xf4\x63\x23\x60\x5b\x08\x0b\x0b\xc3\x4b\x2f\xbd\
\xc4\x76\xd6\xa1\xdc\x5f\xaa\x33\x5b\xd3\xd8\x23\x75\x3d\xd2\x4c\
\xb7\x74\x76\xa5\x09\x4e\x35\x1a\x0d\xbe\xf9\xe6\x1b\xb6\x18\x49\
\x5a\xe7\x8e\x1e\xdd\x81\x8a\x8a\x0a\x7c\xb3\xed\x1b\x5c\xb9\x72\
\xc5\x24\x4f\x02\x60\xd0\xa9\xa7\x4c\x99\xd2\xa9\x25\xc6\x5d\x05\
\xcf\xf1\xcc\xf0\xd8\x56\x32\x15\x41\x10\xe0\xe3\xe3\x83\x17\x5e\
\x78\x01\x09\x09\x09\xac\xcd\xfb\xeb\xe0\x07\xee\x13\x23\x20\x05\
\x25\xfe\x89\x13\x27\xe2\xa5\x97\x5e\x42\x4c\x4c\x0c\x00\x30\xeb\
\x38\x15\xb7\x63\x62\x62\x10\x10\x10\x60\xb5\x7a\x72\x1c\x87\x90\
\x90\x10\xc4\xc6\xc6\xc2\xd1\xd1\x51\xa6\x9f\xd2\xd9\x2a\x37\x37\
\x17\x9f\x7c\xf2\x09\xcb\x71\x68\xce\x4b\xd0\xd1\xc3\x12\x68\x68\
\x68\xc0\xf6\xed\xdb\xb1\x6f\xdf\x3e\x93\x72\xa9\x34\x30\x72\xe4\
\x48\x66\x7b\xe8\x71\x06\x7b\xa7\x3a\x4e\x4e\x4e\x98\x38\x71\x22\
\xbc\xbd\xbd\x99\x71\x94\xee\x82\xe4\xed\xed\x8d\xe7\x9e\x7b\x0e\
\xbf\xfe\xf5\xaf\x59\xc2\x4f\x9e\xe3\xfb\xfc\x9a\xff\xf6\xa0\x78\
\xe5\x95\x57\xfe\xda\x5f\xb9\x9b\x31\xa4\x83\x68\xf0\xe0\xc1\xf0\
\xf5\xf5\x45\x71\x71\x31\xae\x5f\xbf\x0e\xc0\x60\xa1\x5e\xb8\x70\
\x21\x36\x6c\xd8\x80\xc1\xa1\x83\xad\xe2\xef\x95\xd6\xd1\xd1\xd1\
\x11\x27\x4f\x9e\x44\x69\x69\xa9\xd9\x41\x5b\x54\x54\x84\xe6\xe6\
\x66\x8c\x1a\x35\x0a\xae\xae\xae\x86\x25\xc8\xe0\x7a\xac\xde\x74\
\x66\xd4\xeb\xf5\xf8\xcf\x7f\xfe\x83\x77\xde\x79\x07\xc5\xc5\xc5\
\x66\x57\xe2\x79\x78\x78\x60\xed\xda\xb5\x88\x8b\x8b\x33\x61\x3a\
\x3d\x45\x7f\xb4\xbe\x7e\x7e\x7e\x10\x04\x01\x17\x2f\x5e\x64\xd1\
\x90\xbe\xbe\xbe\x78\xee\xb9\xe7\xf0\xec\xb3\xcf\xca\xf2\x42\xd2\
\x78\x92\xfe\x0a\x4e\x14\x45\x72\xbf\x30\x00\xa0\xd5\x25\xa6\x50\
\x28\x20\x12\x11\x59\xbf\x64\x21\x2d\x2d\x0d\x95\x95\x95\x08\x0a\
\x0a\xc2\xcc\x99\x33\x59\xaa\x28\x6b\x43\xab\xd5\xe2\x2f\x7f\xf9\
\x0b\xde\x7f\xff\x7d\x34\x36\x36\x9a\x0c\x2c\x41\x10\xe0\xe2\xec\
\x82\xc4\x65\x89\xd8\xb8\x71\x23\x86\x0f\x1f\xde\xe3\x75\xac\xaf\
\xaf\xc7\x96\x2d\x5b\xf0\xc1\x07\x1f\xb0\x60\x1a\x69\xe4\x21\x6d\
\xef\x79\x73\xe7\xe1\xdf\x1f\xfd\x1b\xa1\xa1\xa1\x26\xb3\x7f\x4f\
\xd2\x9f\xd4\x13\xf0\xc3\x0f\x3f\x20\x37\x37\x17\x3c\xcf\x23\x3a\
\x3a\x1a\x33\x66\xcc\x60\xdb\xbc\xdd\x37\x20\xf7\x11\x44\x51\x34\
\x39\x08\x21\x44\x10\x04\xa2\xd1\x68\xd8\xff\xf4\x6f\x6f\x40\x66\
\x66\x26\x99\x35\x6b\x16\x01\x40\x78\x9e\x27\x0a\x85\x82\x28\x14\
\x0a\xc2\x71\x1c\xe1\x38\x8e\x00\x20\x2a\x95\x8a\xcc\x9c\x39\x93\
\x7c\xba\xe5\x53\x52\x78\xad\x90\x34\x37\x37\x77\x6b\x9d\xb4\x5a\
\x2d\xa9\xae\xaa\x26\xa9\x87\x53\xc9\x53\x4f\x3f\x45\x7c\x7c\x7c\
\x08\x00\xa2\x50\x28\x64\x75\x54\x28\x14\x04\x00\x19\x38\x70\x20\
\xf9\xfc\xb3\xcf\x65\xed\x6b\xdc\x07\xdd\x0d\x51\x14\x89\x20\x08\
\x26\xe7\x1b\x1a\x1a\x48\x63\x63\xa3\xec\xbe\xfb\x09\x9c\x20\x08\
\xa4\x3f\x64\x37\xed\x0c\x88\x19\x37\x14\x21\x3d\x93\xe3\xaf\xa3\
\xd0\xe9\x74\xd8\xb1\x63\x07\x36\x6e\xdc\x88\xeb\xd7\xaf\xcb\x43\
\x90\xd1\x9a\x8c\x13\x30\x84\xc1\x8e\x19\x33\x06\x53\xa7\x4e\xc5\
\x98\x31\x63\xe0\xef\xef\x0f\x37\x37\xb7\x2e\xed\x61\x47\x0d\x61\
\xa2\x20\xb2\x7d\xf6\x72\x72\x72\x70\xf2\xe4\x49\x64\x66\x66\xe2\
\xf2\xe5\xcb\x2c\xec\xd6\xd8\x55\x26\x8a\x22\x1c\x1c\x1c\xb0\x76\
\xed\x5a\xfc\xd7\x9f\xfe\x8b\xa5\x60\xeb\xae\xe8\xbf\xf6\x60\xae\
\xaf\x6d\x00\x38\xbd\x5e\x4f\xda\xda\x25\xf6\x7e\x00\x69\xc3\x18\
\xd5\x1b\xda\x83\xdc\x11\x57\x6b\x6b\x6b\xf1\x7f\xff\xf7\x7f\x78\
\xe3\x8d\x37\x50\x5b\x5b\xcb\x2c\xec\xc6\xd6\x6c\xfa\xbf\xb3\xb3\
\x33\xdc\xdc\xdc\x30\x60\xc0\x00\x78\x78\x78\x40\xad\x56\x77\x28\
\x8d\x78\x5b\xa0\x3b\x0b\x35\x37\x37\xa3\xba\xba\x1a\xd5\xd5\xd5\
\xa8\xaa\xaa\x92\x85\xf7\x1a\x83\xc6\x56\x3c\xfc\xf0\xc3\xf8\xdb\
\xdf\xfe\x86\xb0\xb0\x30\xdb\x20\xec\x85\xe0\x48\x5b\x23\xe0\x3e\
\x41\x6f\x66\x00\x52\xd4\xd5\xd5\xe1\xad\xb7\xde\xc2\x07\x1f\x7c\
\x80\xea\xea\x6a\xd9\x3e\x79\x52\x90\x6e\x74\xf3\x19\xa3\xad\x99\
\x9c\x0e\xfe\xf8\xf8\x78\xbc\xf5\xd6\x5b\xb2\xf4\xdb\xf4\x39\x1b\
\x7a\x07\xee\xab\x40\x20\x73\xe8\xed\xc4\x48\xa5\x00\x57\x57\x57\
\xac\x5b\xb7\x0e\x6a\xb5\x1a\x5b\xb6\x6c\x61\x9b\x97\x18\x47\x01\
\x9a\x1b\x94\x96\x66\x08\xc6\x2a\x93\xf4\x9d\x82\x20\xc0\xd9\xd9\
\x19\x09\x09\x09\xd8\xb0\x61\x83\xd9\xdc\xfb\x36\xf4\x1e\xdc\xf7\
\x12\x40\x5f\x43\x65\x65\x25\xbe\xfd\xf6\x5b\x7c\xf4\xd1\x47\xc8\
\xca\xca\x02\x21\x84\xc5\xaa\x1b\xe7\x0a\xe8\x69\x88\xa2\x08\x7f\
\x7f\x7f\xac\x5c\xb9\x12\x4f\x3f\xfd\x34\xc2\xc3\xc3\xad\x56\x17\
\x1b\x3a\x06\x1b\x03\xe8\x43\xa0\xb3\xa8\x20\x08\x38\x75\xea\x14\
\xb6\x6e\xdd\x8a\xfd\xfb\xf7\xb3\x38\x06\x0a\x63\x43\xa1\x39\x74\
\x85\x51\xd0\x72\xa5\xe5\x3b\x38\x38\x60\xc6\x8c\x19\x58\xbd\x7a\
\x35\x16\x2e\x5c\x08\x37\x37\xb7\x4e\x97\x6f\x43\xcf\xe1\xbe\x8b\
\x03\xe8\xab\x90\xce\xf0\x74\x80\xd7\xd5\xd5\xe1\xe0\xc1\x83\x38\
\x78\xf0\x20\x4e\x9e\x3c\x89\x82\x82\x02\xb6\x23\x71\x47\x60\x6e\
\xb1\x0e\xd0\x76\xa8\xac\x39\xf8\xf8\xf8\x20\x26\x26\x06\x73\xe7\
\xce\xc5\xe2\xc5\x8b\x11\x16\x16\xd6\xe1\x67\x6d\xb0\x3e\x6c\x0c\
\xa0\x0f\x81\x1a\xd7\x8c\x51\x5e\x5e\x8e\xb3\x67\xcf\xe2\xdc\xb9\
\x73\xb8\x70\xe1\x02\xf2\xf3\xf3\x71\xeb\xd6\x2d\xd4\xd7\xd7\xb3\
\xad\xca\x8d\xb3\x08\x69\x34\x9a\x36\xb7\xec\x72\x70\x70\x60\xa1\
\xb0\xd2\x59\x5e\xa1\x50\xc0\xd1\xd1\x11\x3e\x3e\x3e\x08\x09\x09\
\xc1\xb0\x61\xc3\x30\x7a\xf4\x68\x8c\x1a\x35\x0a\x61\x61\x61\xad\
\x75\x23\xe8\xd7\xd1\x73\xfd\x09\x36\x06\xd0\x8f\x20\x8a\x22\xca\
\xcb\xcb\x51\x5a\x5a\x8a\xea\xea\x6a\x68\x34\x1a\x34\x37\x37\xcb\
\x16\x37\xa9\x54\x2a\x54\x54\x54\xe0\xbd\xf7\xde\xc3\x85\x0b\x17\
\x4c\x0c\x7a\xce\xce\xce\x58\xb3\x66\x0d\x62\x63\x63\x4d\x3c\x0a\
\x2a\x95\x0a\x8e\x8e\x8e\x70\x77\x77\x87\x97\x97\x17\xfc\xfd\xfd\
\xdb\xdc\x1a\xcd\x86\xbe\x01\xa5\x6d\xf0\xf7\x1f\xf0\x3c\x0f\x5f\
\x5f\x5f\xf8\xfa\xfa\xb6\x7b\x5f\x75\x75\x35\xbe\xf9\xe6\x1b\x13\
\xb7\x1c\x21\x04\x6a\xb5\x1a\x71\x71\x71\x88\x8f\x8f\xef\xf6\xfa\
\xda\x60\x7d\xf4\x8e\x70\x37\x1b\xba\x0c\xa9\x98\x4f\x41\x08\x31\
\x9b\xf2\x4b\xab\xd5\xb6\x29\xfe\xeb\xf5\x7a\x96\x2c\xb4\x2d\x23\
\x22\x95\x28\xa4\x29\xca\x6c\xe8\x9b\xb8\xef\xe3\x00\xfa\x0b\xcc\
\xd9\x06\x38\x8e\x33\xbb\xfb\x2f\x0d\x75\x6e\x4b\xfa\xbb\x5b\xc0\
\x8e\x74\xeb\xef\xfe\x9a\x29\xe7\x7e\x81\x4d\x02\xe8\xe7\x68\x6f\
\xeb\xef\xae\x0e\xdc\xb6\xbc\x08\x36\xf4\x1d\xd8\x18\x80\x0d\x36\
\xdc\xc7\xb0\x31\x00\x1b\x6c\xb8\x8f\x61\x63\x00\x36\xd8\x70\x1f\
\xc3\xc6\x00\x6c\xb0\xe1\x3e\x86\x8d\x01\xd8\x60\xc3\x7d\x0c\x9b\
\x1b\xf0\x3e\x84\x74\x4b\x34\x73\x4b\x87\xfb\xa3\x55\xdf\xd8\xe3\
\xd1\x1f\xbf\xb1\x33\xb0\x31\x00\x09\xda\x23\x7e\x1a\x38\x73\xaf\
\x3b\xf3\xf6\x36\x28\x95\x4a\xe8\x74\x3a\xf6\x3d\xe6\xfc\xf8\x34\
\xa8\xa8\x2b\x59\x84\x7a\x03\x68\x7f\x2a\x95\xca\x3e\xdb\x5f\xdd\
\x0d\x1b\x03\x90\xc0\x78\x3f\x3d\x8d\x46\x83\x9a\x9a\x1a\x94\x96\
\x96\xa2\xbc\xbc\x1c\x4d\x4d\x4d\x2c\xfa\xad\xb7\xe4\x0c\xbc\x57\
\x28\x95\x4a\xdc\xbe\x7d\x1b\xb7\x6f\xdf\x36\x9b\x43\x40\xaf\xd7\
\xe3\xf8\xf1\xe3\x10\x45\x11\x3a\x9d\xae\x4f\x4b\x04\x74\x37\xa2\
\x01\x03\x06\x60\xe0\xc0\x81\x18\xe0\x35\x00\xae\x2e\xae\xb6\xf5\
\x0b\x12\xd8\xf2\x01\x18\xa1\xaa\xaa\x0a\x05\x05\x05\x38\x71\xfc\
\x04\xce\x64\x9e\xc1\xa5\x4b\x97\x70\xeb\xd6\x2d\x93\x45\x35\x7d\
\x15\x3c\xcf\x43\x10\x04\x34\x34\x34\x40\xa7\xd3\x99\xa8\x01\x74\
\x3f\x02\x7b\x7b\xfb\x3e\x2f\x05\x48\xf7\x85\x74\x77\x77\x47\x68\
\x68\x28\x62\x62\x62\x30\x69\xd2\x24\x44\x46\x46\x22\x20\x20\x80\
\x6d\x21\xde\x97\x19\x5d\x57\x70\x5f\x33\x00\x69\xa7\x57\x55\x56\
\xe1\x74\xfa\x69\xec\xdd\xbb\x17\xa9\xa9\xa9\xb8\x75\xf3\x16\x9a\
\x5b\x9a\xa1\xd5\x6a\xad\x5c\xcb\xee\x41\x7b\x99\x79\xfb\xf2\xa0\
\x6f\x0f\x0a\x85\x82\x31\x83\x98\x98\x18\x2c\x5e\xbc\x18\xb3\x67\
\xcf\xbe\xaf\x73\x18\xdc\xd7\x0c\x80\xe2\xfc\xf9\xf3\xf8\xf2\x8b\
\x2f\xf1\xfd\xee\xef\x91\x9f\x9f\x2f\x1b\x00\xd6\x48\x61\x6d\x43\
\xf7\x40\x1a\xfe\xcc\xf3\x3c\x3c\x3d\x3d\x31\x6b\xe6\x2c\x3c\xf1\
\xe4\x13\x88\x8b\x8b\x83\x5a\xad\xbe\xef\x24\x81\xfb\x9a\x01\x88\
\xa2\x88\xd4\xd4\x54\xbc\xf9\xe6\x9b\x48\x4d\x4d\x95\xad\x90\xeb\
\xab\x3a\xbe\x0d\x6d\x83\x92\x3a\xcd\xa8\x4c\xfb\x3b\x34\x34\x14\
\xeb\xd6\xad\xc3\xca\x95\x2b\xe1\xed\xed\x6d\xcd\x2a\xf6\x38\xee\
\x3b\x06\x40\x39\x7c\x53\x53\x13\x76\xee\xdc\x89\x37\xdf\x7c\x13\
\x79\x79\x79\x00\xcc\xe7\xd2\xa3\x12\x80\x34\x1d\x17\xdd\xa5\xb7\
\xaf\xa2\x23\x2b\xf8\xfa\xc3\x2a\x3f\xfa\x0d\xd2\xd5\x8d\xb4\x8f\
\x8d\x77\x85\x76\x75\x75\xc5\xda\xb5\x6b\xf1\xdb\xdf\xfe\x16\xc1\
\xc1\xc1\x56\xab\x73\x4f\xe3\xbe\x9a\xe6\x28\x21\x08\x82\x80\x3d\
\x7b\xf6\xe0\x1f\xff\xf8\x07\xf2\xf2\xf2\xc0\xf3\xbc\x6c\xc7\x5a\
\x4a\x28\x52\x62\x31\x66\x0a\x7d\x15\x94\xa1\xb5\x27\xe1\x48\xbf\
\xbd\xaf\x43\xca\x04\x14\x0a\x05\x9b\xfd\xe9\x41\xdb\xa2\xae\xae\
\x0e\x1f\x7f\xfc\x31\xde\x7f\xff\x7d\x94\x97\x97\x03\xb0\xee\x36\
\xf1\x3d\x85\xfb\xca\x0d\x48\x07\xee\xb1\x63\xc7\xf0\xf6\xdb\x6f\
\xe3\xe2\xc5\x8b\xb2\xc1\x20\x25\x0c\xea\xea\x53\x28\x14\xf0\xf2\
\xf2\x42\x60\x60\x20\x5c\x5d\x5d\x61\x67\x67\xc7\x08\xa3\x2f\x32\
\x02\x8e\xe3\xd0\xdc\xdc\x8c\x73\xe7\xce\xa1\xa6\xa6\x06\x80\x69\
\xde\xbf\x91\x23\x47\xc2\xd7\xd7\xb7\xcf\x13\xbf\x28\x8a\x68\x68\
\x68\x60\x69\xd2\x1a\x1b\x1b\xa1\xd7\xeb\x65\x8c\x5e\xba\xaf\x41\
\x6d\x6d\x2d\xb6\x6c\xd9\x02\x2f\x2f\x2f\xac\x5f\xbf\xfe\xbe\x70\
\x17\xde\x57\x0c\x00\x00\x0a\x0a\x0a\xf0\xcf\x7f\xfe\x13\x67\xce\
\x9c\x91\xa5\xc2\xa2\x12\x80\x74\x7b\xad\xf1\xe3\xc7\x63\xc1\x82\
\x05\x18\x3b\x76\x2c\x7c\x7d\x7d\xe1\xe0\xe0\x60\x9d\xbd\xed\x2d\
\x08\xa5\x52\x89\x1b\x37\x6e\x60\xdd\xba\x75\xc8\xcc\xcc\x04\xd0\
\xca\x18\x45\x51\x84\x93\x93\x13\x9e\x79\xe6\x19\xc4\xc7\xc7\xf7\
\x79\x55\x87\x10\x02\xad\x56\x8b\xea\xea\x6a\x5c\xbd\x7a\x15\x87\
\x0e\x1d\x42\x6a\x6a\x2a\x6e\xde\xbc\xc9\xae\x53\xd0\x89\xa0\xa6\
\xa6\x06\x1f\x7e\xf8\x21\x22\x22\x22\x90\x90\x90\xc0\xee\xeb\xcb\
\xed\xd0\x1e\xee\x0b\x06\x40\x44\x02\x8e\x37\x70\xf8\xaf\xbe\xfa\
\x0a\x87\x0e\x1d\x02\x20\xd7\x73\xa9\xcf\x9b\xe7\x79\x44\x45\x45\
\xe1\xe9\xa7\x9f\xc6\xbc\x79\xf3\x10\x14\x14\xd4\xef\x66\x02\xea\
\xe7\x37\x47\xd8\x3c\xcf\x23\x28\x28\x08\x21\x21\x21\xd6\xa9\x5c\
\x37\x21\x36\x36\x16\x71\x71\x71\x38\x75\xea\x14\xbe\xfa\xea\x2b\
\xa4\xa4\xa4\x40\xa3\xd1\xb0\xeb\xb4\x1d\x78\x9e\x47\x71\x71\x31\
\xb6\x6c\xd9\x82\xb0\xb0\xb0\x5e\xb3\x55\x7c\x77\x41\xd9\x9f\xb9\
\x1b\x70\x47\xac\xbf\x93\x16\x2b\x33\x33\x13\xdf\x7d\xf7\x1d\x9a\
\x9b\x9b\x99\x2e\x28\xdd\xc3\x5e\xa5\x52\x21\x2e\x2e\x0e\x2f\xbc\
\xf0\x02\x26\x4f\x9e\x0c\x47\x47\x47\x56\x46\x7f\x01\xc7\x71\xb2\
\x50\x60\x73\xa0\x7b\x0b\x50\x09\xa0\xaf\xd3\x07\x9d\xdd\xfd\xfc\
\xfc\x90\x90\x90\x80\x51\xa3\x46\x21\x3c\x3c\x1c\x9f\x7f\xfe\x39\
\x4a\x4b\x4b\xcd\xda\x77\xd2\xd2\xd2\xb0\x77\xef\x5e\x84\x86\x86\
\xb6\xc9\x2c\xfb\x03\xf8\xfe\x44\xdc\xe6\x40\xc5\xfb\xba\xba\x3a\
\xec\xde\xbd\x9b\xa5\xc2\x96\x7e\x37\xfd\x3d\x7d\xfa\x74\xbc\xf6\
\xda\x6b\x98\x33\x67\x0e\x1c\x1d\x1d\x7b\x74\xa3\x4d\x1b\xba\x0f\
\x52\xdb\x8e\x42\xa1\xc0\x90\x21\x43\xb0\x71\xe3\x46\x3c\xf5\xd4\
\x53\x66\x77\x30\xa2\xf4\xf2\xdd\x77\xdf\x21\x27\x27\xc7\x0a\x35\
\xee\x39\xf0\xfd\xc5\xda\x7b\x37\x64\x66\x66\xe2\xc0\x81\x03\xd0\
\xe9\x74\x4c\x8f\x97\x1e\x23\x46\x8c\xc0\x1f\xff\xf8\x47\x8c\x1b\
\x37\x0e\x40\xdf\x9d\xf5\xa5\xab\xfc\xcc\x1d\x80\x61\xe3\x0f\xba\
\xc5\xb8\xf1\xac\xc6\x71\x1c\xd4\x6a\x35\x00\x83\x41\xd0\x78\xe5\
\xa0\xb9\xf2\xfa\x0c\xb8\xd6\x7e\x75\x73\x73\xc3\x9a\x35\x6b\x10\
\x1f\x1f\x2f\xdb\x6a\x5d\xca\xf4\xb3\xb2\xb2\xb0\x7f\xff\x7e\xb4\
\xb4\xb4\xf4\xbd\x6f\xed\x20\xfa\xbd\x0d\x80\xe7\x79\x54\x57\x57\
\xe3\xeb\xaf\xbf\x46\x71\x71\xb1\xcc\x0d\x46\x45\x7f\x07\x07\x07\
\xac\x5a\xb5\x0a\xd3\xa7\x4f\x6f\xb3\x9c\xbe\x40\x00\x82\x20\xa0\
\xa8\xa8\x08\x57\xaf\x5e\x45\x73\x73\xb3\xd9\xb8\x06\x9e\xe7\x51\
\x51\x51\x81\xaa\xaa\x2a\xd6\x0e\xd2\xc8\x47\xba\xef\xa0\xb9\x38\
\x00\x42\x08\x88\x68\x98\x45\xfd\xfc\xfd\x10\x1e\x1e\x0e\x27\x27\
\xa7\x3e\xb3\xc5\x3a\x00\xd9\x8e\x45\x41\x41\x41\x78\xfa\xe9\xa7\
\x91\x9d\x9d\x8d\x8b\x17\x2f\x32\xef\x0e\x75\x83\x6a\xb5\x5a\x7c\
\xff\xfd\xf7\x58\xb0\x60\x01\xdb\x28\x05\xe8\xa5\xdf\xd5\x49\xf4\
\x7b\x06\x20\x08\x02\x8e\x1f\x3f\x8e\x1f\x7e\xf8\x01\x5a\xad\xd6\
\xac\x15\x7f\xdc\xb8\x71\x58\xb8\x70\x21\x9c\x9d\x9d\xd9\xb9\xbe\
\x18\x08\x73\xf2\xe4\x49\x7c\xf2\xc9\x27\x38\x7d\xfa\x34\x9a\x9a\
\x9a\xda\xf4\xe5\xeb\x74\x3a\x54\x56\x56\x9a\x9c\xe7\x79\x1e\x4d\
\x4d\x4d\xf8\xf8\xe3\x8f\xb1\x75\xeb\x56\x93\xeb\x52\x31\x7a\xf0\
\xe0\xc1\x78\xf4\xd1\x47\xb1\x6a\xd5\x2a\xd8\xd9\xd9\xf5\xb9\xb6\
\xa2\x3a\x7d\x6c\x6c\x2c\x12\x12\x12\x50\x58\x58\x88\xe6\xe6\x66\
\x13\xd7\xe0\x85\x0b\x17\xb0\x67\xcf\x1e\x0c\x1f\x3e\x1c\x2e\x2e\
\x2e\xe0\xc0\x81\x53\xf4\x1f\x06\x00\x41\x2f\x10\x51\x14\x49\x7f\
\xc5\xcd\x9b\x37\xc9\xb2\x65\xcb\x08\xcf\xf3\x84\xe7\x79\xa2\x50\
\x28\xd8\xc1\x71\x1c\x71\x72\x72\x22\xff\xfb\xbf\xff\x4b\x5a\x5a\
\x5a\xac\x5d\xd5\x2e\x21\x3f\x3f\x9f\xc4\xc7\xc7\x13\x18\xb6\x02\
\xe9\xd0\x41\xdb\x83\xe3\x38\xd6\x3e\x1c\xc7\x75\xf8\xf9\x21\x43\
\x86\x90\x3d\x7b\xf6\x10\x9d\x4e\x27\xab\x4b\x5f\xa0\x27\x51\x14\
\x59\x3d\x7f\xf9\xe5\x17\x32\x7a\xf4\x68\x59\x9b\xf0\x3c\x4f\x94\
\x4a\x25\x01\x40\x42\x42\x42\x48\x4a\x4a\x0a\x11\x04\x81\x88\xa4\
\xf7\x7f\xdb\xbd\x80\x07\x7a\xa7\x48\x43\xee\x88\xe7\x82\x20\x98\
\xe8\xeb\x1d\x85\x4e\xa7\x43\x4a\x4a\x0a\x52\x53\x53\x59\x28\x2f\
\x2d\x83\x8a\xbd\x53\xa7\x4e\xc5\xbc\x79\xf3\x98\xde\xdb\x17\x21\
\x8a\x22\x8e\x1c\x39\x82\x53\xa7\x4e\x01\x80\x4c\xbf\x97\x46\x35\
\xd2\x48\x38\xa5\x52\x29\x53\x0f\x8c\x97\x03\xd3\xfb\x95\x4a\xa5\
\xd9\x83\x3e\x5b\x58\x58\x88\xed\xdb\xb7\xa3\xb6\xb6\x96\x95\x45\
\xcb\xe8\x4b\x18\x35\x6a\x14\x12\x13\x13\xe1\xe0\xe0\x20\x0b\xf2\
\xa2\x7f\x0b\x0b\x0b\x91\x94\x94\x84\x9a\x9a\x9a\x36\xf7\x59\x68\
\x0f\x52\x9a\x23\xa2\x65\x24\x25\x4b\x45\x29\x2a\x79\x85\xe5\x8d\
\x80\x82\x20\xa0\xa6\xba\x06\xb5\x75\xb5\x77\xdd\xa3\x9e\x1a\x99\
\x1c\x1c\x1c\xe0\xe8\xe8\x08\x95\x4a\x05\xa5\x52\xc9\x88\x58\x4a\
\xa0\x1d\xfd\x60\xea\xcf\x2f\x2e\x2e\xc6\xce\x9d\x3b\x51\x5d\x5d\
\x2d\x8b\xe7\xa7\xbf\x7d\x7d\x7d\xf1\xc8\x23\x8f\x60\xf0\xe0\xc1\
\xad\x5b\x68\xf5\x2d\xda\x05\x60\x68\x97\xf2\xf2\x72\xe6\xb6\x33\
\x6e\x27\x29\x41\xd3\xff\x3b\x82\xbb\x2d\x0b\x26\x84\xa0\xa2\xa2\
\x82\x6d\x25\xd6\x97\x20\x65\x52\x0a\x85\x02\x0f\x3e\xf8\x20\x52\
\x52\x52\x70\xfc\xf8\x71\x13\xb7\x20\x21\x04\x87\x0e\x1d\xc2\xfc\
\xf9\xf3\xb1\x68\xd1\xa2\x7b\x62\x70\x74\xf0\x1b\x47\x9c\xd2\x2d\
\xd8\x1a\x1b\x1b\xa1\xd5\x6a\xa1\xd7\xeb\x3b\xb4\x0c\xdb\xc1\xc1\
\x01\x9e\x9e\x9e\x16\x9b\xb0\x2c\x6e\x03\x68\x6e\x6e\x46\x4a\x4a\
\x0a\x76\xee\xd8\x89\xab\xd7\xae\xb6\x6b\x2d\xa6\x33\x0d\xc7\x71\
\x70\x72\x72\x82\xd7\x00\x2f\x84\x84\x86\x20\x22\x22\x02\x11\x11\
\x11\x08\x08\x08\x30\xeb\xa6\x69\x0f\x84\x10\xf0\x9c\x61\xc1\xce\
\xa1\x43\x87\x90\x91\x91\x21\x33\x76\x49\x07\xc2\x94\x29\x53\x30\
\x73\xe6\x4c\x28\x14\x8a\xae\x7e\xb6\x55\xc1\xf3\x3c\x06\x0f\x1e\
\x0c\x67\x67\x67\xd4\xd5\xd5\xf5\xd8\x7b\x15\x0a\x05\xc2\xc3\xc3\
\xe1\x68\xef\xd8\x63\xef\xec\x2e\x8c\x18\x31\x02\x09\x09\x09\xc8\
\xca\xca\x42\x63\x63\xa3\x09\xcd\x5e\xbd\x7a\x15\xdf\x7f\xff\x3d\
\x26\x4d\x9a\x84\x01\x03\x06\x74\xb8\x5c\x72\xc7\xa8\x08\x00\x4d\
\x4d\x4d\x28\x2f\x2f\xc7\xa5\x4b\x97\xd8\x36\xee\x37\x6f\xde\x44\
\x5d\x5d\x5d\xbb\xb1\x19\x74\x0c\x91\x3b\x8b\x96\x66\xcf\x9e\x8d\
\x87\x1f\x7e\x18\x81\x81\x81\x9d\xff\x60\x0a\x4b\xeb\x6b\x7b\xf6\
\xec\x21\xc3\x87\x0f\xbf\x27\x5d\x54\x7a\xa8\xd5\x6a\xe2\xe5\xe5\
\x45\x46\x8e\x1c\x49\x9e\x79\xe6\x19\xb2\x77\xef\x5e\x52\x59\x59\
\xd9\xe1\xf7\x0b\x82\x40\x08\x21\xe4\xf2\xe5\xcb\x24\x6e\x76\x1c\
\xd3\xeb\xa4\x07\x00\xe2\xeb\xeb\x4b\xb6\x6e\xdd\xda\x27\xf4\xd5\
\x8e\xa0\xb2\xb2\x92\xac\x5a\xb5\x8a\xa8\xd5\xea\x4e\xb7\xfd\xbd\
\x1e\x51\x51\x51\xe4\xe8\xd1\xa3\x44\x14\x44\xc3\xd1\xc7\xdb\xf2\
\xec\xd9\xb3\x64\xf6\xec\xd9\x04\x80\xcc\x2e\x42\x6d\x01\x83\x06\
\x0d\x22\x3b\x77\xee\x64\xf7\x77\xf4\x7b\x5b\x5a\x5a\x48\x46\x46\
\x06\x79\xe5\x95\x57\xc8\xc4\x89\x13\xc9\xc0\x81\x03\x89\x93\x93\
\xd3\x3d\xd9\x5b\xa4\x87\xa3\xa3\x23\xf9\xe3\x1f\xff\x48\xea\xea\
\xea\xba\xfc\xcd\x16\xdd\x1e\xbc\xba\xba\x1a\x1f\x7e\xf8\x21\x2e\
\x5f\xbe\xcc\x38\x68\x47\xca\x27\x12\xd1\x54\xab\xd5\xa2\xa2\xa2\
\x02\x15\x15\x15\xb8\x74\xe9\x12\x0e\x1e\x3c\x88\x69\xd3\xa6\xe1\
\xd1\x47\x1f\xc5\xe4\xc9\x93\xe1\xe9\xe9\x09\x00\x10\x05\x11\x1c\
\x6f\x2a\x5d\x50\x2b\xff\xfe\x7d\xfb\x91\xf9\x4b\xa6\xec\x9a\xd4\
\xdf\x1b\x17\x17\x87\x19\xd3\x67\xf4\x39\x7d\xb5\x2d\x78\x7a\x7a\
\xe2\xa5\x97\x5e\x82\xaf\xaf\x2f\x8e\x1d\x3b\x26\x73\x03\x5a\x12\
\x7a\xbd\x1e\x00\x10\x16\x16\x86\x55\xab\x56\x61\xd2\xa4\x49\xe0\
\x78\xce\x40\x9a\x7d\xb4\x29\x29\xfd\x85\x87\x87\xe3\xc1\x07\x1f\
\xc4\xe9\xd3\xa7\xd1\xd0\xd0\x00\xa0\x75\x89\x38\xc7\x71\xb8\x71\
\xe3\x06\xb6\x6f\xdf\x8e\xb8\xb8\x38\x78\x78\x78\xb4\x59\x16\xa5\
\xa9\x96\x96\x16\xe4\xe6\xe6\x62\xd7\xae\x5d\x48\x4e\x4e\x46\x41\
\x41\x01\x2b\x97\xc2\xd8\xfe\x72\x37\x88\xa2\x88\xc6\xc6\x46\x7c\
\xfa\xe9\xa7\x48\x4c\x4c\xc4\x94\x29\x53\xee\xfd\x83\x25\xb0\xa8\
\x0a\x50\x55\x55\x85\xa3\x47\x8f\x9a\x24\x9a\xbc\x1b\xcc\x31\x0b\
\x72\x47\x4f\x2a\x29\x29\xc1\x8e\x1d\x3b\x70\xe2\xc4\x09\x3c\xf8\
\xe0\x83\x58\xb9\x72\x25\xc6\x46\x8f\x05\xaf\xe0\x65\xfa\x95\x14\
\xe7\xcf\x9f\xc7\xee\x3d\xbb\x0d\x46\x1b\xa3\x32\x09\x21\x08\x0c\
\x0c\xc4\xd2\xa5\x4b\x11\x18\x64\x01\x11\xaa\x17\x61\xc4\x88\x11\
\xf8\xef\xff\xfe\x6f\x96\xc0\xb4\x3b\x98\x9b\x28\x8a\x6c\x85\xa4\
\xb7\xb7\x77\xab\xfa\xd4\x47\x07\x3f\xd0\x3a\x31\xd8\xdb\xdb\x63\
\xee\xdc\xb9\x38\x70\xe0\x00\x0e\x1c\x38\x60\x62\x37\x12\x04\x01\
\x27\x4f\x9e\xc4\xbe\x7d\xfb\xb0\x72\xe5\x4a\x36\xd9\x98\x6b\xe7\
\x9b\x37\x6f\x62\xf7\xee\xdd\xf8\xec\xb3\xcf\x70\xfe\xfc\x79\x34\
\x36\x36\xb2\x77\x75\xa5\x5f\xe8\x3b\x6b\x6a\x6a\x50\x51\x51\xd1\
\xe9\x72\x18\xba\x2c\x43\x48\x70\xe5\xca\x15\x26\x82\x52\x57\x9b\
\xb1\xf8\xdd\xd1\x43\xa1\x50\x10\xb5\x5a\xcd\xc4\x2f\x00\x44\xa9\
\x54\x92\xb8\xb8\x38\xb2\x37\x69\x2f\x7b\xa7\xd4\x9d\x43\x08\x21\
\x3a\x9d\x8e\xbc\xf6\xda\x6b\xc4\xd1\xd1\x51\xe6\xd2\xa1\xa2\x3f\
\xc7\x71\xe4\xf1\x27\x1e\x27\x95\x15\x1d\x57\x2b\x6c\x68\x1b\xb4\
\xed\x8d\xfb\xa1\x2f\x41\x14\x45\x83\xea\x28\x12\x22\x0a\x22\xd9\
\xb2\x65\x0b\x71\x77\x77\x67\xea\x23\x55\x07\xa8\xc8\x3e\x77\xee\
\x5c\x52\x58\x58\xd8\x66\x79\x17\x2e\x5c\x20\xcf\x3d\xf7\x1c\x19\
\x30\x60\x80\x89\xcb\xb5\xb3\xe3\x41\x7a\xd0\x7a\x7c\xff\xfd\xf7\
\x5d\xfe\x76\x8b\x32\x80\xe2\xe2\x62\x12\x12\x12\x42\x38\x8e\x23\
\x2a\x95\xca\xe4\x83\xd1\x01\xfd\x86\x7e\x20\xc7\x71\x44\xa9\x54\
\xb2\x43\xa1\x50\xb0\x7b\x22\x23\x23\xc9\xce\x9d\x3b\x89\x56\xab\
\x35\xa9\x43\x46\x46\x06\x19\x37\x6e\x9c\x8c\x09\xd1\xf2\x00\x90\
\xa1\x43\x87\x92\x83\x07\x0f\x5a\xf2\xb3\xad\x8e\x9e\x1c\x7c\xec\
\x5d\xa2\xfc\x5c\x7f\x00\xfd\x8e\x92\x92\x12\xb2\x6c\xd9\x32\x13\
\x7a\xa4\x34\xec\xe2\xe2\x42\x3e\xf8\xe0\x03\xa2\x17\xf4\xb2\xe7\
\x08\x21\x24\x27\x27\x87\x24\x26\x26\xb2\x7b\x8d\x69\xf8\x5e\xc6\
\x02\x7d\xbf\x94\x09\x49\x19\xc0\xee\xdd\xbb\xbb\xfc\xcd\x16\x55\
\x01\x1c\x1d\x1d\x31\x6c\xd8\x30\xdc\xb8\x71\xc3\xac\x45\xd3\xc9\
\xc9\x09\xae\xae\xae\x54\xf2\x60\xe2\x93\x4e\xa7\x43\x43\x43\x03\
\x4b\xbd\x0d\x18\x44\x1d\xbd\x5e\x2f\xcb\x4e\x43\xff\xe6\xe5\xe5\
\xe1\xa5\x97\x5e\x82\x56\xab\xc5\xb2\x65\xcb\x60\x67\x67\x07\x00\
\x6c\xc1\x4f\x4e\x4e\x8e\x49\x18\x2c\x21\x04\xf6\xf6\xf6\x58\xb8\
\x70\x21\xa6\x4d\x9b\x66\xc9\xcf\xb6\x3a\x7a\xd2\x8e\x61\xee\x5d\
\xfd\xc5\x8e\x42\xbf\x23\x30\x30\x10\x0f\x3e\xf8\x20\xce\x9c\x39\
\x83\xa2\xa2\x22\xd9\xda\x11\x9e\xe7\x51\x5f\x5f\x8f\xbd\x7b\xf7\
\x62\xfa\x8c\xe9\x18\x19\x39\x12\x1c\x0c\x16\xfa\xac\xac\x2c\xbc\
\xf2\xca\x2b\xd8\xbf\x7f\x3f\x8b\x98\x94\xba\xf6\x68\x19\x52\xa8\
\xd5\x6a\x38\x3a\x3a\x42\xad\x56\xcb\x6c\x36\xdc\x9d\xc4\x2d\xf5\
\xf5\xf5\x6c\x1c\x48\xcb\xb1\xb3\xb3\x83\x93\x93\x53\x97\xbf\xd9\
\xa2\x0c\xc0\xc9\xc9\x09\x43\x87\x0e\x45\x5a\x5a\x1a\x5b\x74\x03\
\xb4\x0e\xc2\xa1\x43\x87\x62\xcd\x9a\x35\xf0\xf2\xf2\x62\x99\x59\
\x38\x8e\x83\x56\xab\x45\x65\x65\x25\x8a\x8b\x8b\x91\x97\x97\x87\
\xf3\xe7\xcf\xe3\xf6\xed\xdb\xac\xf1\x8c\x37\xe2\xe0\x38\x0e\xf9\
\xf9\xf9\x78\xe7\x9d\x77\xe0\xe1\xe1\x81\xf9\xf3\xe7\x83\xe7\x79\
\xfc\xf2\xcb\x2f\x48\x4e\x4e\x46\x4b\x4b\x0b\x54\x2a\x95\x2c\xe0\
\x07\x00\x86\x0f\x1f\x8e\xc4\xc4\x44\xd9\x32\xdf\xfe\x42\xbc\x36\
\x58\x16\x71\x71\x71\xf8\xe1\xc7\x1f\xb0\xf5\xcb\xad\x8c\xfe\xa4\
\xf4\x92\x9e\x9e\x8e\x03\xc9\x07\x30\x62\xf8\x08\x28\x14\x0a\x5c\
\xbe\x74\x19\xef\xbe\xfb\x2e\x0e\x1c\x38\x20\x4b\x30\x23\x05\xfd\
\xdf\xc9\xc9\x09\xc3\x86\x0d\xc3\xe8\xd1\xa3\x31\x38\x74\x30\xbc\
\x7d\xbc\xe1\xe8\xe8\xc8\xf6\x28\xe0\x38\x0e\x7a\xbd\x1e\x7b\xf6\
\xec\xc1\xbe\x7d\xfb\x98\xe1\x55\x5a\xc6\xd0\xa1\x43\xe1\xe3\xe3\
\xd3\xe5\xef\xb4\x28\x03\xb0\xb3\xb3\xc3\xb0\x61\xc3\x64\x46\x3d\
\xda\x68\xa2\x28\xa2\xbe\xbe\x1e\x13\x26\x4c\x60\x2b\xee\x8c\x51\
\x5f\x5f\x8f\x1b\x37\x6e\x20\x37\x37\x17\xdf\x7e\xfb\x2d\x92\x93\
\x93\x65\x7e\x6d\xca\x04\x14\x0a\x05\x04\x41\x40\x66\x66\x26\xfe\
\xf5\xaf\x7f\x61\xe8\xd0\xa1\x08\x0a\x0a\xc2\x81\x03\x07\x70\xfe\
\xfc\x79\x66\xb0\xa1\x75\xa0\x06\x9e\xf9\xf3\xe7\x63\xfc\xf8\xf1\
\x00\xee\x34\x64\x1f\xb6\x5c\xdb\xd0\x8d\x20\x30\xe4\x0e\x78\x20\
\x01\x47\x7f\x3a\x8a\xc2\xc2\x42\x00\x72\x2f\x52\x55\x55\x15\x92\
\x93\x93\xb1\x78\xf1\x62\x0c\x1f\x3e\x1c\x5f\x7c\xf1\x05\x76\xed\
\xda\x05\x41\x10\x98\x61\x94\xd2\x3f\x8d\xda\x53\x28\x14\x88\x89\
\x89\xc1\xc3\x0f\x3f\x8c\xa9\x53\xa7\x62\xf0\xe0\xc1\xf0\xf4\xf0\
\x84\x42\x69\x1a\x87\xd2\xd4\xd4\x84\xe4\xe4\x64\xb6\x79\x0b\xab\
\xda\x9d\xf1\x14\x19\x19\x09\x5f\x5f\x5f\x0b\x7c\xab\x85\x91\x76\
\x24\x8d\x84\x86\x86\xca\x74\x70\xaa\xbf\x2b\x14\x0a\xb2\x71\xe3\
\x46\x99\xff\xb2\x2d\xfd\xf1\xc6\x8d\x1b\xe4\x93\x4f\x3e\x21\x13\
\x26\x4c\x60\x3a\x8f\x54\x9f\xa2\x7a\x94\xbd\xbd\x3d\x79\xf5\xd5\
\x57\x49\x6a\x6a\x2a\x89\x8c\x8c\x64\x86\x3e\xa9\xce\x04\x80\x8c\
\x19\x33\x86\x9c\x3c\x79\x52\xf6\xde\xfe\xa2\xbb\xf6\x35\x88\xa2\
\x21\x6e\xc0\x1c\x74\x3a\x1d\x69\x6a\x6a\x62\x47\x73\x73\x33\xd1\
\x6a\xb5\x77\xed\xab\xee\xe8\xcf\x8a\x8a\x0a\xf2\xd4\x53\x4f\x31\
\x5d\x9c\xd2\x1d\xd5\xc3\x1d\x1c\x1c\xc8\xa6\x4d\x9b\x48\x52\x52\
\x12\x09\x0b\x0b\x63\x34\x4e\x69\x4f\x4a\xa7\x7e\x7e\x7e\x64\xc3\
\x86\x0d\x24\x3b\x3b\xdb\x64\xed\x04\xad\x3f\x85\x20\x08\x24\x29\
\x29\x89\x04\x06\x06\xca\x0c\x88\xd4\x20\xae\x52\xa9\xc8\xab\xaf\
\xbe\xca\x62\x5e\xba\x02\x8b\x47\x02\x06\x87\x04\x23\x3a\x3a\x1a\
\x85\x85\x85\x32\x91\x89\xbf\x93\x4e\x7b\xef\xde\xbd\x98\x35\x6b\
\x16\xe6\xcd\x9b\x27\x65\x42\xb2\x7b\x39\x8e\x83\xbf\xbf\x3f\x9e\
\x78\xe2\x09\x84\x86\x86\xe2\x9d\x77\xde\xc1\x0f\x3f\xfc\x60\x12\
\xea\x4a\xf5\xa4\xad\x5b\xb7\x22\x2d\x2d\x0d\xf9\xf9\xf9\x26\x6e\
\x16\x51\x14\x61\x67\x67\x87\x84\x84\x04\x8c\x1c\x39\x92\xbd\xcf\
\x06\x2b\xe3\x4e\x17\x91\x3b\x2e\xad\xf2\xf2\x72\x14\x16\x16\xa2\
\xa0\xa0\x80\x45\xc7\x51\xc9\xcd\xd9\xd9\x19\x01\x01\x01\x08\x0b\
\x0b\x43\x48\x48\x08\x3c\x3d\x3d\x99\x2d\x89\x4a\x71\xdd\xa1\xca\
\x0d\x18\x30\x00\xcb\x96\x2d\x43\x5a\x5a\x1a\x0a\x0a\x0a\x4c\xae\
\x37\x35\x35\x61\xeb\xd6\xad\xb0\xb7\xb7\x47\x71\x71\xb1\x2c\x66\
\x00\x68\x4d\x33\x17\x1e\x1e\x8e\xf5\xeb\xd6\xe3\x91\x47\x1f\x61\
\x71\x2c\x94\xde\xcd\xd1\x62\x71\x71\x31\xfe\xf3\x9f\xff\xe0\xc6\
\x8d\x1b\xb2\xa5\xeb\xf4\xde\x90\xe0\x10\xc4\xc4\xc4\x58\x26\xce\
\xa3\xcb\x2c\xc4\x08\x5a\xad\x96\xbc\xfb\xee\xbb\xc4\xd9\xd9\xd9\
\x44\x0a\xa0\xc7\x8a\x15\x2b\xc8\xb5\x6b\xd7\xd8\x33\xd4\x0d\x43\
\xb9\xb8\x31\x37\x3f\x75\xea\x14\x59\xb4\x68\x91\xc9\xcc\x2e\xb5\
\xd0\x1a\xaf\x6a\x93\x5a\x5a\xc7\x8d\x1b\x47\xce\x9e\x3d\x2b\x7b\
\x9f\x4d\x02\xb0\x2e\x44\x41\x24\xa5\xa5\xa5\x24\x29\x29\x89\x3c\
\xf7\xdc\x73\x64\xfc\xf8\xf1\x24\x38\x38\x98\x78\x7b\x7b\x13\x57\
\x57\x57\xa2\x56\xab\x89\x5a\xad\x26\x0e\x0e\x0e\xc4\xc5\xc5\x85\
\x78\x7b\x7b\x93\xd0\xd0\x50\x32\x6b\xd6\x2c\xf2\xf2\xcb\x2f\x93\
\x9f\x7e\xfa\x89\x54\x57\x57\x77\x5f\xfd\xee\xd0\x86\xa6\x5e\x43\
\x7e\xf7\xbb\xdf\x31\xf7\xb6\x94\x06\xa5\x7f\xa9\xd7\x8a\x5a\xfa\
\xa9\xd4\x3a\x78\xf0\x60\xf2\xf9\xe7\x9f\x93\xc6\x86\x46\x42\x08\
\x61\x74\x4e\xdf\x61\x4c\x8b\x2d\x2d\x2d\xe4\x8d\x37\xde\x20\x3e\
\x3e\x3e\x84\xe7\x79\xe6\x4d\x93\x46\x0d\x3e\xfa\xe8\xa3\xe4\x7a\
\xc9\x75\x8b\x7c\xa7\xc5\x19\x00\x21\x06\x57\xdc\xa4\x49\x93\x64\
\xa2\x13\xf5\xeb\x03\x20\xce\xce\xce\xe4\xc5\x17\x5f\x24\x1a\x8d\
\x86\x10\x22\x67\x00\xf4\x7f\x42\xe4\x8d\x75\xe4\xc8\x11\x12\x15\
\x15\x65\xe2\x9b\xa5\xbf\xe9\x3b\x8c\x45\x7f\x57\x57\x57\xf2\xf6\
\xdb\x6f\x33\x97\x61\x5b\x4c\xc6\x86\x9e\x43\x4b\x4b\x0b\x39\x92\
\x7a\x84\xac\x5c\xb9\x92\x78\x79\x79\xdd\x73\x48\xac\x4a\xa5\x22\
\xc1\xc1\xc1\xe4\xf9\xe7\x9f\x27\x67\xce\x9c\x21\x7a\x9d\xbe\x5b\
\xeb\x7b\xfc\xf8\x71\x46\x7b\xf4\x30\x8e\x2d\x31\x8e\x7b\x01\x40\
\x3c\x3d\x3d\xc9\xa6\x4d\x9b\x5a\xe9\x5a\x30\xa5\x3b\xe9\xff\xa2\
\x28\x92\x6d\xdb\xb6\x91\x61\xc3\x86\xb1\xc9\x93\x8a\xff\x54\x8d\
\xf6\xf4\xf4\x24\x9f\x7c\xf2\x89\xc5\xbe\xad\x5b\x18\x40\x63\x63\
\x23\x79\xfd\xf5\xd7\x89\xbd\xbd\xbd\x4c\x2f\xa2\x1f\x04\x80\xb8\
\xb9\xb9\x91\x3f\xfc\xe1\x0f\x32\x49\x80\x10\xf3\xd2\x00\x21\x06\
\x66\xf0\xce\x3b\xef\x10\x2f\x2f\x2f\x59\x07\x48\xf5\x23\xa9\xdf\
\x9f\x76\x54\x5c\x5c\x1c\x29\x28\x28\x20\x84\x10\xa2\xd7\xeb\x6d\
\x0c\xc0\xca\x28\x29\x29\x21\xaf\xbd\xf6\x1a\x19\x3a\x74\xa8\x2c\
\xb6\xc3\x58\x7a\x33\x27\xe5\x49\xe3\x39\x70\xc7\x26\x14\x13\x13\
\x43\x3e\xfc\xf0\x43\x93\xf5\x22\xd2\xc9\xa3\xab\xd0\xe9\x74\xe4\
\xff\xfd\xbf\xff\x47\x9c\x9c\x9c\x64\x52\x80\x54\x1a\x90\x4e\x3e\
\x34\x0e\xe6\x57\xbf\xfa\x15\x29\x2f\x2f\x37\x5b\xa6\xf1\xda\x89\
\xfa\xfa\x7a\xf2\xe9\xa7\x9f\xb2\xc1\x6f\xce\xff\x0f\x80\x3c\xf4\
\xd0\x43\x26\x63\xa6\x2b\xe8\x16\x06\x40\x08\x21\xe7\xcf\x9f\x27\
\x8b\x16\x2d\x32\x1b\x4c\x41\x3f\xc6\xc9\xc9\x89\x3c\xf6\xd8\x63\
\xe4\xd0\xa1\x43\xa4\xbe\xbe\x9e\x10\x72\x87\x01\x88\xe6\x8d\x1b\
\x05\x05\x05\x2c\x40\x43\x5a\x96\xb1\x8a\x41\xcb\xf7\xf6\xf6\x26\
\xff\xfe\xf7\xbf\x89\x20\x08\x44\xd0\x0b\xed\xaa\x19\x36\x74\x2f\
\x44\x51\x24\x59\x59\x59\x64\xf5\xea\xd5\xb2\x28\xbb\xbb\x45\xc7\
\x99\x1b\x6c\xc6\x2a\x5e\x40\x40\x00\xd9\xb8\x71\x23\x29\x29\x29\
\x61\xef\xb2\x74\xdf\x9e\x3a\x75\x8a\x8c\x1f\x3f\xde\x64\xf2\x31\
\x77\x00\x20\xe1\xe1\xe1\xed\x07\xea\x88\xad\xed\x72\xee\xdc\x39\
\xf2\xea\xab\xaf\x92\x90\x90\x10\x46\xdb\xc6\xef\x01\x40\x82\x83\
\x83\xc9\xb7\xdf\x7e\x6b\xd1\xef\xb2\x38\x03\x90\x36\xfe\xee\xdd\
\xbb\xc9\x90\x21\x43\x18\xb7\x96\x76\x36\xe5\xfe\x1c\xc7\x91\xa8\
\xa8\x28\xf2\xdf\xff\xfd\xdf\xe4\xc7\x1f\x7f\x24\x37\x6f\xde\x6c\
\xb7\xfc\xcd\x9b\x37\x93\x81\x03\x07\xca\x1a\xc8\x98\x01\xd0\x06\
\x5c\xbc\x78\x31\xb9\x7c\xf9\xb2\xac\x5e\x36\x06\x60\x1d\x64\x66\
\x66\x92\x25\x4b\x96\xc8\x44\x68\x95\x4a\x45\xd4\x6a\xb5\x09\x13\
\x30\x37\xdb\x9b\x63\x00\xc6\x93\xc9\xba\x75\xeb\xc8\x8d\x1b\x37\
\x2c\x5e\x77\x51\x14\x49\x43\x43\x03\xf9\xeb\x5f\xff\x4a\xec\xed\
\xed\xdb\x95\x56\x28\x3d\x3e\xf1\xc4\x13\xa4\xa6\xa6\xa6\xcd\x32\
\xeb\xeb\xeb\x49\x66\x66\x26\x79\xff\xfd\xf7\xc9\xbc\x79\xf3\x88\
\xab\xab\x6b\x9b\x4c\x11\x30\xac\x00\xdc\xb8\x71\x23\xa9\xad\xad\
\xb5\xe8\xb7\x59\xdc\x0b\x40\x7d\xf0\x3c\xcf\x23\x3e\x3e\x1e\x97\
\x2f\x5f\xc6\x9b\x6f\xbe\x89\x8a\x8a\x0a\xa8\xd5\x6a\x59\xf6\x55\
\x6a\x05\xcd\xc9\xc9\x41\x4e\x4e\x0e\x76\xee\xdc\x89\xb1\x63\xc7\
\x22\x3c\x3c\x1c\x21\x21\x21\x70\x73\x73\x63\x3e\x55\x1a\x11\x58\
\x51\x51\xd1\x6e\x04\x14\x2d\xd3\xcd\xcd\x0d\x4b\x97\x2e\x45\x48\
\x48\x48\xa7\x92\x8a\xd8\xd0\x35\x10\x89\xa7\xa6\xa0\xa0\x00\x6f\
\xbc\xf1\x06\xf6\xec\xd9\xc3\xce\x11\x42\x64\x5e\x9d\x8e\x24\x1f\
\xa1\x7f\xf9\x3b\x39\x24\xe8\x39\x9e\xe7\xd1\xd0\xd0\x80\x2d\x5b\
\xb6\xc0\xd5\xd5\x15\x1b\x36\x6c\xb8\xe7\x3c\x12\xed\x41\x14\x45\
\x38\x3a\x3a\xe2\x81\x07\x1e\xc0\xfe\xfd\xfb\x91\x91\x91\xc1\xe8\
\x92\x18\x45\xf7\xd1\x7b\x15\x0a\x05\xd2\xd2\xd2\x4c\xca\x69\x6c\
\x6c\xc4\xad\x5b\xb7\x50\x50\x50\x80\xb3\x67\xcf\x22\x2b\x2b\x0b\
\xcd\xcd\xcd\xec\x3b\xa4\x9e\x04\xea\x45\x50\x2a\x95\x58\xb2\x64\
\x09\x9e\x7b\xee\x39\xb8\xba\xba\x5a\x34\x80\xad\x5b\x92\x82\xd2\
\xc6\x51\xab\xd5\xf8\xf5\xaf\x7f\x8d\xfa\xba\x7a\x7c\xf8\xef\x0f\
\x51\x51\x51\xc1\xae\x49\x53\x2f\x01\x86\x86\xbc\x7c\xf9\x32\x2e\
\x5f\xbe\x0c\x9e\xe7\xe1\xe6\xe6\x06\x17\x17\x17\x76\x3f\xcd\x10\
\xd4\xd2\xd2\x82\x8a\x8a\x8a\xbb\x36\xc0\xac\x59\xb3\x30\x6b\xd6\
\x2c\xa8\x54\x2a\x76\xce\x36\xf8\x7b\x10\x04\xe0\x78\x0e\x1a\x8d\
\x06\x9f\x7c\xf2\x09\xf6\xed\xdb\x07\x00\x26\x21\xad\xd2\xd0\x6f\
\x37\x37\x37\x44\x46\x46\x62\xe8\xd0\xa1\xf0\xf4\xf4\x84\xbd\xbd\
\x3d\x9a\x9a\x9a\x50\x5a\x5a\x8a\xcb\x97\x2f\xe3\xe2\xc5\x8b\x68\
\x68\x68\x30\x1b\x99\x27\x65\x02\xfe\xfe\xfe\x78\xea\xa9\xa7\x2c\
\x96\x35\x87\xd2\x60\x44\x44\x04\x56\xac\x58\x81\xec\xec\x6c\x16\
\xf0\x63\x8e\xa6\x74\x3a\x1d\x92\x93\x93\x71\xe4\xc8\x11\x93\x80\
\xb4\xa6\xa6\x26\x54\x57\x57\xb3\xcd\x57\xcc\xb5\x09\xd0\x3a\x3e\
\x94\x4a\x25\x1e\x78\xe0\x01\xbc\xf8\xe2\x8b\x08\x0a\x0a\xb2\x7c\
\xf4\xaa\x45\xe5\x09\x23\x50\x11\xfb\x3e\xf5\x50\x9a\x00\x00\x20\
\x00\x49\x44\x41\x54\xfa\xf5\xeb\xe4\xcf\x7f\xfe\xb3\x89\x01\x0f\
\x46\x06\x15\x6a\xcc\xbb\x9b\x55\xd8\x9c\xc8\x25\x15\xff\xbd\xbd\
\xbd\xc9\xd7\x5f\x7f\x6d\x12\x28\x61\x53\x01\x7a\x16\xa2\x28\x92\
\x1d\x3b\x76\xb0\xc0\x30\x63\xb7\x19\xed\x4f\x0f\x0f\x0f\xf2\xd0\
\x43\x0f\x91\x2f\x3e\xff\x82\x64\xa4\x67\x90\x92\x92\x12\x52\x53\
\x53\x43\x1a\x1a\x1a\x48\x55\x55\x15\xb9\x5a\x70\x95\x9c\x38\x71\
\x82\xbc\xf7\xde\x7b\x64\xd6\xac\x59\xc4\xd1\xd1\xb1\x4d\x5d\x1c\
\x00\x89\x8e\x8e\x26\xa7\x4f\x9f\xb6\xf8\xb7\x10\x42\x48\x5e\x5e\
\x1e\x99\x39\x73\xa6\x59\xcb\x3f\x3d\xa4\x2b\x58\xef\x76\x18\xab\
\x13\x52\x8b\xbf\x4a\xa5\x22\x89\x89\x89\x24\x3d\x3d\xdd\xa4\x1e\
\x96\x42\x8f\x30\x00\x42\x0c\x19\x6b\xde\x7d\xf7\x5d\x32\x78\xf0\
\x60\x93\x06\x90\x32\x00\xea\xf7\x94\x36\xae\x74\x65\x60\x7b\x7a\
\x17\x25\xaa\x27\x9f\x7c\x92\x94\x95\x95\x99\xd4\xc5\x36\xf8\x7b\
\x16\x45\x45\x45\x24\x3e\x3e\xde\x2c\x91\xd3\xc1\x1a\x14\x14\x44\
\xde\x78\xe3\x0d\x52\x54\x54\x74\xd7\xf2\x04\x41\x20\x39\xe7\x72\
\xc8\xfa\xf5\xeb\x89\x9b\x9b\x9b\x59\x6f\x10\x9d\x44\xd6\xad\x5b\
\x67\xb1\x38\x01\x29\xbd\xe8\xf5\x7a\xb2\x65\xcb\x16\xa6\xb3\x1b\
\xdb\xb6\x8c\x63\x01\x8c\x99\x9e\x74\x55\xa1\x94\x01\x48\xdb\x04\
\x77\xbc\x64\xcf\x3c\xf3\x0c\x39\x7f\xfe\xbc\xac\x1e\x82\x20\x58\
\x24\x02\x90\xa2\x5b\x19\x80\x31\x74\x3a\x1d\xd9\xb7\x6f\x1f\x89\
\x8f\x8f\x67\x5c\xdc\x98\x0b\x1a\x73\x55\x63\xe3\x8f\x39\x03\x0c\
\x65\x1c\x94\xa0\xf6\xed\xdb\x47\x08\x21\x16\x6d\x28\x1b\xee\x1d\
\x5b\xb6\x6c\x21\x1e\x1e\x1e\xb2\x81\x22\x9d\xe1\x82\x83\x83\xc9\
\xe6\xcd\x9b\x49\x73\x73\xb3\xec\xb9\xbb\x31\xea\xd2\xd2\x52\xf2\
\x97\xbf\xfc\x85\xb8\xba\xba\xb2\xc9\x81\x4e\x20\x34\xd6\x64\xd0\
\xa0\x41\xe4\xa7\x9f\x7e\xea\x16\x46\x5f\x5c\x5c\x4c\x16\x2f\x5e\
\x2c\x93\x5a\xa5\xa9\xc4\xcd\x79\xa5\x28\xed\x4a\xa5\x5c\xa9\x14\
\x41\xdb\x84\xe7\x79\x12\x19\x19\x49\xde\x78\xf3\x0d\x93\x49\x4c\
\xda\x36\x96\x42\x8f\x32\x00\x42\x0c\x1f\x70\xe5\xca\x15\xb2\x69\
\xd3\x26\x32\x61\xc2\x04\xe2\xe9\xe9\x69\x56\xc4\x37\xa7\x06\xb4\
\x65\x09\x56\x2a\x95\x2c\x79\xc8\xd3\x4f\x3f\x4d\x2a\x2a\x2a\x08\
\x21\x36\x06\x60\x4d\x94\x96\x96\x92\x95\x2b\x57\xb2\xc1\x2f\x1d\
\x18\x00\x88\x8f\x8f\x0f\x79\xef\xbd\xf7\xcc\xee\xc7\xd0\x11\x29\
\xad\xac\xac\x8c\xac\x5b\xb7\x8e\x38\x3b\x3b\x33\x26\xa0\x52\xa9\
\x98\xf8\xcd\xf3\x3c\x79\xe5\x95\x57\x2c\x92\x37\xcf\x1c\xbe\xf8\
\xe2\x0b\xe2\xef\xef\xcf\x44\x75\x2a\x9d\x9a\x1b\xfc\x94\x96\x8d\
\xdd\xe0\xd2\xc3\xc9\xc9\x89\x84\x85\x85\x91\xb5\x6b\xd7\x92\xb4\
\xb4\x34\x16\x24\xd7\xdd\xe8\x71\x06\x40\xd1\xdc\xdc\x4c\x72\x73\
\x73\xc9\xa6\x4d\x9b\x48\x42\x42\x02\x89\x8c\x8c\x24\xde\xde\xde\
\xb2\xe0\x90\x8e\xe8\x4c\xd2\x06\x8d\x8c\x8c\x24\xfb\xf7\xef\x27\
\x84\x10\x22\xe8\x05\xd2\xcf\xf6\x70\xe8\x53\x38\x7c\xf8\x30\xdb\
\x6c\xc3\xd8\x46\xa3\x54\x2a\xc9\xca\x95\x2b\xc9\xad\x5b\xb7\x08\
\x21\xa6\x7a\x6d\x7b\x0c\x40\x7a\x2e\x3b\x3b\x9b\xcc\x98\x31\x43\
\x36\xb3\x4a\x17\xe0\xcc\x9e\x3d\x9b\xe4\xe7\xe7\x9b\x7d\x47\x67\
\x41\xcb\x29\x2c\x2c\x24\xbf\xfa\xd5\xaf\x18\xb3\x69\x6b\xe6\x6f\
\x8f\x96\x5d\x5c\x5c\x48\x68\x68\x28\x99\x31\x63\x06\xd9\xb0\x61\
\x03\x39\x7c\xf8\x30\xa9\xaa\xaa\xea\xd1\x2c\x4b\x56\xdb\x1a\xcc\
\xce\xce\x0e\x91\x91\x91\x88\x88\x88\xc0\xe3\x8f\x3f\x8e\x8b\x97\
\x2e\xe2\x4c\xc6\x19\x5c\xbe\x7c\x19\xb7\x6e\xdd\x42\x55\x55\x15\
\x9a\x9b\x9b\x99\x25\x54\xab\xd5\xe2\xea\xd5\xab\xa8\xae\xae\x36\
\x29\x8b\x5a\x85\x67\xcf\x9e\xdd\x9a\x24\x91\x03\xe8\xb6\xe0\x36\
\xf4\x0c\x88\xc4\xb5\x9b\x97\x97\xc7\x96\xd1\x92\x3b\xae\x3b\x6a\
\xd9\x0e\x09\x09\xc1\x92\x25\x4b\xd8\x72\xd6\x7b\xb5\x6a\xd3\xf7\
\x44\x44\x44\x60\xc9\x92\x25\xf8\xe5\x97\x5f\x50\x5f\x5f\xcf\x3c\
\x45\xf4\x5d\x57\xae\x5c\x41\x41\x41\x81\x61\xdf\x07\x0b\x81\x26\
\xff\x08\x0e\x0e\xc6\xa2\x45\x8b\xf0\xe3\x8f\x3f\xa2\xb4\xb4\x94\
\x25\xff\x90\x7a\xb5\xec\xec\xec\x10\x1c\x1c\x8c\x01\x03\x06\x40\
\xaf\xd7\x83\xe3\x38\x28\x95\x4a\xb8\xba\xba\xc2\xdb\xdb\x1b\x43\
\x87\x0e\x45\x54\x54\x14\xa2\xa3\xa3\xe1\xef\xef\xcf\xf2\x01\xc8\
\x3f\x16\xdd\xba\x64\xdd\xea\x7b\x03\x72\x1c\x87\x01\x03\x06\x60\
\xca\xe4\x29\x98\x32\x79\x0a\x08\x21\xa8\xaf\xaf\x47\x75\x75\x35\
\x1a\x1b\x1b\x99\x5f\xf5\xe4\xc9\x93\xf8\xcb\x5f\xfe\xc2\x36\xb5\
\x34\x46\x78\x78\x38\x12\x13\x13\x99\xff\x97\xb7\xc4\x4a\x29\x1b\
\x3a\x0c\x22\x59\xd1\xd9\xdc\xdc\x8c\x82\x82\x02\xd4\xd6\xd6\xca\
\x36\x7f\xa1\xfd\x16\x11\x11\x81\x09\x13\x26\xb0\xe7\x80\x7b\xcf\
\x8e\x4b\x08\x81\x4a\xa5\x42\x6c\x6c\x2c\x86\x0c\x19\x82\xec\xec\
\x6c\x93\x8d\x4e\x35\x1a\x0d\xae\x5e\xbd\x0a\xbd\x4e\x0f\x95\x5a\
\xd5\x4e\x69\xf7\x00\x0e\xe0\x88\xa1\x7e\x74\x55\xeb\x97\x5f\x7e\
\x69\x52\x6f\xf1\x4e\xf2\xd4\x05\x0b\x16\xe0\xd9\x67\x9f\x65\x31\
\x0f\x0e\x0e\x0e\x70\x75\x75\x85\xb3\xb3\xf3\x5d\xdd\x94\x1c\xc7\
\x75\x7b\xbe\x0a\xab\x33\x00\x86\x3b\x9c\x8e\xe3\x38\xb8\xba\xba\
\xb6\x2e\xf7\x84\x21\x51\x48\x4e\x4e\x0e\xae\x5f\xbf\x6e\xb2\x5b\
\x10\x5d\x32\xba\x68\xd1\x22\x96\xec\xc3\x86\x9e\x87\x74\x80\x6b\
\x34\x1a\x54\x55\x55\xb1\x6b\x44\xe2\xdb\x56\x2a\x95\x18\x36\x6c\
\x18\x9b\xfd\x89\x48\xba\xb4\x9c\xd7\xcf\xcf\x0f\x23\x46\x8c\x40\
\x76\x76\xb6\xc9\x35\xad\x56\x8b\x5b\xb7\x6e\x41\xa7\xd3\x59\x8e\
\x01\x00\x6c\x50\x0e\x1c\x38\x10\x89\x89\x89\x38\x7a\xf4\x28\x8a\
\x8b\x8b\x65\x29\xc0\x78\x9e\x87\x46\xa3\x41\x56\x56\x16\xb4\x5a\
\x2d\xa2\xa2\xa2\xda\x2c\xce\x1c\x13\xec\x29\xf4\x9e\x69\x52\xb2\
\x3e\x9c\x18\x05\x57\x1c\x3f\x7e\x1c\xbb\x76\xed\x32\xd9\xa7\x9d\
\xde\x17\x19\x19\x89\x47\x1e\x79\xc4\x22\x39\xd2\x6c\xe8\x3c\x68\
\x7f\x34\x34\x34\xc8\xf2\xdf\x13\x49\x56\x1c\x47\x47\x47\x04\x04\
\x04\xb4\xa6\xbf\x32\xb3\xb7\xc3\xbd\xc0\xd5\xd5\x15\x01\x01\x01\
\x00\x60\x92\x87\x52\xaf\xd7\xa3\xa6\xa6\x06\x22\xb9\xfb\x96\x5b\
\xf7\x0a\x22\x1a\xe8\x74\xc6\x8c\x19\x98\x37\x6f\x1e\xcb\x77\x41\
\x41\x19\x62\x7a\x7a\x3a\xbe\xfb\xee\x3b\x34\x35\x35\x99\x96\x61\
\x86\xd6\x7b\x1a\xbd\x87\x01\xdc\x01\x6d\x38\xda\x30\xa5\xa5\xa5\
\x48\x4a\x4a\x62\xc9\x3e\xe8\x3d\x34\x12\xcc\xcd\xcd\x0d\x0f\x3e\
\xf8\x20\xc6\x8e\x1d\x0b\x10\x5b\xb4\x5f\x6f\x80\x20\x08\x66\xf3\
\xd8\x01\x86\xe8\x50\x29\xa3\xbe\xd7\xfe\xa2\xf4\x41\x69\xc1\xce\
\xce\x4e\xb6\xad\xbb\x14\xa2\x28\xa2\xa5\xa5\xa5\x5b\x68\x82\x32\
\x2e\x77\x77\x77\x2c\x5f\xbe\x1c\x43\x86\x0c\x31\xc9\x5d\x09\x18\
\x92\x86\x24\x25\x25\x21\x3b\xcb\x54\x42\x91\x7e\x8b\x35\x66\x7f\
\xa0\x17\x32\x00\x0a\xda\x20\xa7\x4e\x9d\xc2\xc1\x83\x07\x65\xe7\
\xa4\x8d\x35\x7a\xf4\x68\x24\x2e\x4b\x6c\xdd\xfb\xcf\x66\xf4\xb3\
\x3a\xa4\x04\x2d\x0d\xd5\x05\x0c\x03\x5e\x1a\x06\xdb\x55\xc2\x17\
\x04\x81\xc5\xd2\x9b\xab\x87\x59\xc3\x9a\x85\x31\x79\xf2\x64\x2c\
\x58\xb0\x00\xf6\xf6\xf6\x66\xb3\x61\x9f\x3f\x7f\x1e\xc9\xc9\xc9\
\xa8\xaf\xaf\x37\x9c\xe8\x45\x73\x54\xaf\x65\x00\x80\x61\xf6\xdf\
\xb3\x67\x0f\x8a\x8a\x8a\x64\xe7\xb9\x3b\x59\x53\x7d\x7c\x7c\xb0\
\x6c\xd9\x32\x8c\x18\x36\x02\x00\xc0\x2b\x78\x5b\x92\x4f\x2b\x82\
\x0e\x66\x77\x77\x77\x99\x0d\x87\x1a\x01\x01\x83\x3d\xe7\xd6\xad\
\x5b\xb2\x67\xba\xc2\x04\x34\x1a\x8d\xac\x3c\x29\xd4\x6a\x35\x7c\
\x7c\x7c\x58\xda\xf8\xee\x82\xa3\xa3\x23\x96\x2d\x5b\x86\x51\xa3\
\x46\xc9\x8c\x90\x1c\xc7\x41\xa1\x50\xa0\xb9\xb9\x19\xfb\x93\xf7\
\x23\x3d\x3d\x1d\x80\xc1\x3b\x75\xb7\xc5\x4f\x3d\x85\x5e\x63\x04\
\x94\x1a\xf6\x28\x8e\x1f\x3f\x8e\x94\x94\x14\x13\xd1\x8a\x36\xde\
\xe8\xd1\xa3\x31\x6d\xda\x34\x34\x36\x35\x42\xa7\xd3\x59\xd5\x98\
\x62\x43\xab\xbb\x4f\xab\xd5\xc2\xc5\xc5\x45\x36\xfb\x4b\xaf\x51\
\x17\xa1\xb7\x97\x37\xf4\x82\xbe\xd3\x4c\x40\xa5\x52\xb1\x05\x64\
\x6d\x5d\x77\x76\x76\x46\x7d\x7d\x3d\x54\x2a\x55\xb7\x0c\x3a\xfa\
\x5d\x83\x07\x0f\xc6\x8c\x19\x33\x90\x9b\x9b\x8b\xc6\xc6\x46\xd9\
\x6a\x41\xc0\xb0\x97\xc5\xde\xbd\x7b\x31\x71\xe2\xc4\x36\x55\x16\
\x6b\xa0\xd7\x30\x00\xa9\xf5\x94\xe3\x38\x94\x97\x97\x63\xdb\xb6\
\x6d\x28\x2d\x2d\x35\x21\x0e\xca\x2c\x6a\x6b\x6b\xb1\x79\xf3\x66\
\xf0\x0a\x1e\x82\x5e\x6e\x80\xb1\xa1\xe7\x41\x07\xb2\x28\x8a\xc8\
\xc8\xc8\x80\x52\xa9\x34\xb1\x07\x00\x06\xb5\xee\x95\x57\x5e\x81\
\x87\x87\x87\x6c\xff\x88\x7b\x85\x52\xa9\xc4\xb5\x6b\xd7\x70\xee\
\xdc\x39\x76\x4e\xaa\xef\xb7\xb4\xb4\x20\x25\x25\x05\x45\x45\x45\
\xcc\x10\x69\xe9\x65\xe1\xb4\x5c\x95\x4a\x85\x92\x92\x12\x99\xca\
\x21\xf5\x58\x69\xb5\x5a\xec\xdf\xbf\x1f\x89\x89\x89\x98\x3e\x7d\
\xba\x45\xde\x6d\x09\x70\xa4\x97\x58\xcd\xa4\x0c\x40\x10\x04\x7c\
\xf3\xcd\x37\x78\xfe\xf9\xe7\x51\x55\x55\xd5\xe6\xb2\x4b\x85\x42\
\x21\xd3\x2d\x6d\x03\xdf\x7a\x30\xf6\xce\x50\xab\x3f\xfd\x2d\x05\
\xcf\xf3\x50\x2a\x95\x26\xd9\x6e\x3b\x0b\xba\xc9\x8c\x39\xd0\xf7\
\x18\xbb\x8f\x2d\x49\xf6\xd2\x72\x69\x5d\xa4\xdf\x45\x99\xa2\x42\
\xa1\xc0\x9a\x35\x6b\xf0\xea\xab\xaf\xc2\xdb\xdb\xdb\x62\xef\xef\
\x0a\x7a\x8d\x04\x20\x15\x03\x8b\x8a\x8a\xf0\xf5\xd7\x5f\xb3\xa0\
\x1f\xe3\xce\x92\x46\x96\xd1\xd9\xc5\xc6\x00\xac\x0b\x63\x06\x40\
\xfb\x48\x9a\xff\x81\x82\x5a\xe7\x29\x63\xbf\x57\x26\x20\x35\x30\
\x4a\xe9\xc3\x98\x06\x08\x21\xd0\xe9\x75\xe0\x39\xd3\x49\xc2\x92\
\x12\x00\xad\x0b\x55\x55\xcd\xd1\x21\x9d\xd8\x92\x92\x92\x10\x1f\
\x1f\x8f\x45\x8b\x16\xf5\x8a\x60\xb5\x5e\xc3\x00\x28\x04\x41\xc0\
\x81\x03\x07\x70\xec\xd8\x31\x00\xe6\x93\x25\xd0\xdf\xc6\x99\x61\
\x28\x6c\x8c\xc0\x3a\x30\x17\xa3\x61\x7c\x5e\x7a\x4e\x1a\x3d\xd8\
\xd9\x77\x19\x97\x61\x32\xb0\xef\x04\x98\x49\x99\x84\xd9\xfb\x3a\
\x09\x69\xf8\xb3\xb4\x5e\xc6\xbf\x01\x03\x2d\xdf\xb8\x71\x03\xdb\
\xb7\x6f\xc7\xb8\x71\xe3\xe0\xe7\xe7\x67\x91\x3a\x74\x05\xd6\x67\
\x41\x77\x40\x1b\xeb\xca\x95\x2b\xd8\xb9\x73\x27\x1a\x1a\x1a\x64\
\xe2\xbd\x39\x82\xa2\xb3\x8a\xb9\x70\x53\x1b\x7a\x16\xc6\xfd\x43\
\xd5\x33\xe9\x00\x35\xe7\xf7\x36\x9e\xcd\x3b\x7a\x48\xdf\x79\xb7\
\x32\xda\x7a\xbf\x25\x0e\x29\xdd\xdd\x4d\xa5\xa1\xf4\x7c\xf8\xf0\
\x61\xfc\xfc\xf3\xcf\xcc\x65\x68\x4d\x2d\xbc\x57\x49\x00\x82\x20\
\x60\xdf\xbe\x7d\xcc\xa8\x63\x3c\xbb\x9b\xb3\xe2\xb6\xc7\x71\x6d\
\xe8\x39\x48\x67\x74\x29\x3a\x13\xe8\xd3\xde\xff\xc6\x68\xaf\x7c\
\xe9\xb3\xd4\x26\xd1\xd3\x30\x16\xf3\x39\x8e\xc3\xed\xdb\xb7\xf1\
\xed\xb7\xdf\x62\xf2\xe4\xc9\x08\x0c\x0c\xb4\x2a\xdd\x2a\x7b\xd3\
\x06\x99\x17\x2e\x5c\xc0\xfe\xfd\xfb\x51\x53\x53\xc3\x74\x47\x0a\
\x42\x0c\x9b\x2b\x4a\xcf\x4b\x45\x3f\x73\xaa\x80\x0d\x3d\x03\x63\
\xd1\xbf\xb3\x7d\x21\x9d\xa9\xe9\xff\x1d\x79\xe7\xdd\xca\x34\x57\
\x8e\x25\x69\xa5\xad\x49\x48\x14\x45\xb6\x08\x08\x00\xcb\x23\xa8\
\xd7\xeb\x71\xf2\xe4\x49\x1c\x39\x72\x04\xab\x56\xad\xb2\x58\x3d\
\x3a\x03\xa5\x28\x8a\x5d\x8e\xc7\xee\x0c\xcc\x89\xf4\x7b\x76\xef\
\xc1\x99\x33\x67\xda\xd4\xd7\x66\xce\x9c\x89\xa9\x53\xa7\xca\x96\
\x96\x1a\x97\x65\x83\xf5\xd1\x15\x5a\xea\x6c\x5f\x9a\x7b\x67\x7b\
\xb6\x21\x4b\xd1\x4c\x5b\x12\x8b\x52\xa9\x44\x7e\x7e\x3e\x76\xef\
\xde\x8d\xda\xda\x5a\x13\x4f\xc4\x8d\x1b\x37\xb0\x6d\xdb\x36\xcc\
\x9d\x3b\x17\xbe\xbe\xbe\x56\x33\x62\x2b\xad\x31\xf8\x01\xb9\x1e\
\xcf\x71\x1c\x4e\x9f\x3e\x8d\x3d\x7b\xf6\xa0\xa1\xa1\x01\x6a\xb5\
\xda\x24\x96\x7c\xf8\xf0\xe1\x78\xfe\xf9\xe7\x31\x7b\xf6\x6c\x13\
\xae\x6e\x63\x00\x36\x58\x0b\x54\xef\x37\x86\x52\xa9\x44\x71\x71\
\x31\xb4\x5a\x2d\xb6\x6d\xdb\x26\x93\x8c\xa8\xc7\x20\x3d\x3d\x1d\
\xbb\x76\xed\xc2\xda\xb5\x6b\xa1\x52\xa9\xac\xc2\x04\x94\xd6\xd6\
\x9b\x79\x9e\x47\x7d\x7d\x3d\x76\xed\xda\x85\xb3\xe7\xce\xb2\xc6\
\xa1\xa0\x41\x16\xf1\xf1\xf1\x98\x3d\x7b\x36\x1c\x1d\x1d\xad\x58\
\x5b\x1b\x6c\xe8\x38\xc2\xc3\xc3\xf1\xe8\xa3\x8f\xe2\xc4\x89\x13\
\x28\x2a\x2a\x32\x51\x15\x2a\x2b\x2b\xb1\x63\xc7\x0e\xcc\x9e\x3d\
\x1b\x11\x11\x11\xd6\x91\x00\x7a\xfc\x8d\x66\x90\x9e\x9e\x8e\x03\
\x07\x0e\x40\xab\xd5\xca\x32\xab\x50\xce\x3a\x66\xcc\x18\x2c\x5f\
\xbe\x5c\x36\xf8\x6d\x12\x80\x0d\xbd\x01\xed\x0d\x5a\x8e\xe3\x30\
\x65\xca\x14\xc4\xc7\xc7\xe3\x93\x4f\x3e\x61\x1b\xe6\xd0\x6b\x84\
\x10\x64\x67\x67\x63\xcf\x9e\x3d\x18\x3c\x78\x30\xec\xed\xed\x0d\
\x0f\x52\x72\xee\x01\x7e\x60\x75\x06\x50\x5b\x5b\x8b\xbd\x7b\xf7\
\xe2\xc2\x85\x0b\x26\x2e\x1b\x41\x10\xe0\xea\xea\x8a\x85\x0b\x17\
\x62\xe2\xc4\x89\x00\xcc\x0f\xf6\xde\x10\x50\x61\x83\x0d\xe6\xe0\
\xe9\xe9\x89\xa5\x4b\x97\xe2\xc8\x91\x23\xb8\x74\xe9\x92\xec\x9a\
\x42\xa1\x40\x7d\x7d\x3d\x92\x92\x92\x30\x7f\xfe\x7c\x8c\x1d\x3b\
\x56\xee\x36\xed\x01\x0e\x60\xf5\x91\x73\xec\xe7\x63\x6c\xc1\x8f\
\xd4\xfa\x4b\x7d\xa4\xa3\x46\x8d\x92\x45\x4d\x59\x5b\x65\xb1\xc1\
\x86\x0e\xe3\xce\x5c\x35\x7e\xfc\x78\x2c\x58\xb0\x40\xb6\x35\x1e\
\xd0\x4a\xcb\x79\x79\x79\x48\x4a\x4a\x92\x6d\x11\xd6\x53\x74\x6e\
\x55\x06\x50\x5d\x5d\x8d\xe4\x03\xc9\xc8\xcf\xcf\x97\x9d\xa7\x92\
\x80\x8b\x8b\x0b\x16\x2e\x5c\x88\x91\x23\x47\xca\xe2\xca\x6d\x22\
\xbf\x0d\x7d\x02\x77\x22\x10\x3d\x3c\x3c\xb0\x68\xd1\x22\x0c\x1b\
\x36\xcc\xe4\x16\x2a\x05\x1c\x3c\x78\x10\xe7\xce\x9d\xeb\xf1\x09\
\xce\x2a\x0c\x80\x0e\xe0\xb3\x67\xcf\x22\x25\x25\xc5\x64\x45\x98\
\x74\xb9\x6f\x42\x42\x02\x1c\x1c\x1c\x64\xcf\xdb\x82\x7f\x6c\xe8\
\x2b\xa0\xb4\x1e\x1b\x1b\x8b\xb8\xb8\x38\xb3\x36\x2e\x9e\xe7\x71\
\xee\xdc\x39\x26\x09\xf7\xe4\x24\xd7\xe3\x0c\x80\xea\x37\x1a\x8d\
\x06\x69\x69\x69\xb8\x76\xed\x9a\xc9\x20\x26\x84\xc0\xd5\xd5\x15\
\x2b\x56\xac\x40\x78\x78\x38\x80\xd6\x30\x4f\x69\xe8\xa5\x6d\xf0\
\xdb\xd0\xdb\x41\x27\x36\x17\x17\x17\xac\x58\xb1\x02\xc3\x87\x0f\
\x07\x00\x13\x55\xa0\xa9\xa9\x09\x47\x8f\x1e\x95\xa5\xbe\xeb\x91\
\xfa\xf5\xd8\x9b\x8c\x50\x5c\x5c\x8c\xa3\x47\x8f\xca\xb6\x0b\xa7\
\x7f\x15\x0a\x05\x26\x4f\x9a\x8c\x84\x84\x04\xd9\xee\xbe\x36\xd8\
\xd0\x97\x11\x1d\x1d\x8d\x25\x4b\x96\xc0\xd9\xd9\xd9\x6c\x84\x62\
\x76\x76\x36\xb2\xb3\xb3\x7b\x74\x72\xb3\x1a\x03\x28\xbd\x59\x8a\
\xf3\xe7\xcf\x9b\x0d\xe7\x75\x73\x73\xc3\xe2\xc5\x8b\x11\x18\x18\
\x08\xc0\xe6\xe6\xb3\xa1\x7f\xc0\xce\xce\x0e\x0f\x3d\xf4\x10\xc2\
\xc2\xc2\x4c\xae\xd1\x35\x02\xb9\xb9\xb9\x68\x69\x69\xe9\xb1\x3a\
\xf5\x38\x03\xa0\xee\xbd\xab\x85\x57\x51\x5e\x5e\x2e\x3b\x4f\x11\
\x18\x18\x88\x19\x33\x67\xd8\x2c\xff\x36\xf4\x3b\x44\x45\x45\x21\
\x26\x26\x46\x96\xa2\x8c\x4a\xbd\x00\x70\xed\xda\x35\x54\x56\x56\
\xf6\x58\x7d\xac\x22\x01\x34\x35\x35\xe1\xfa\xf5\xeb\xb2\xd9\x9f\
\xc6\xf7\xd3\x8d\x23\xfc\xfd\xfd\xad\x51\x35\x1b\x6c\xe8\x56\x28\
\x95\x4a\x8c\x1a\x35\x8a\xed\x60\x65\x8c\xb2\xb2\x32\xd4\xd4\xd4\
\xf4\x58\x7d\xac\xc6\x00\xe8\xce\x31\xd2\x35\x01\x84\x10\xa8\xd5\
\x6a\x04\x07\x07\x77\x7b\x26\x57\x1b\x6c\xb0\x16\x82\x82\x82\xda\
\x4c\x0c\x5a\x53\x53\xd3\x9a\x3e\xbc\x07\x60\x15\x06\x20\x08\x82\
\x89\x9e\x23\x75\x89\xb8\xb8\xb8\xf4\x48\x3e\xf7\xde\x08\xa9\x71\
\xa8\xdf\x86\x3b\xf7\xa3\x4f\xe9\x0c\x1c\x9d\x1c\x4d\x96\xbb\x53\
\xe8\x74\x3a\x93\x24\xaa\xdd\x89\x1e\x65\x00\x1d\x25\x62\xe3\xd0\
\xde\x7e\x45\xfc\x77\x81\x34\x89\xe6\xfd\x10\xef\x70\xbf\xf5\x2d\
\x00\xf0\x1c\x2f\x8b\x7a\x95\xfe\xed\x69\x58\x7d\x9a\xb5\x76\x22\
\x8f\xbb\xe5\xae\xeb\x69\xf0\x1c\x0f\xf0\x86\xbd\xe7\x8a\x8a\x8b\
\x50\x58\x58\x88\xaa\xaa\xaa\x1e\xb5\x0c\x5b\x12\xd4\xce\xe3\xe6\
\xe6\x86\xa0\xa0\x20\x84\x86\x86\xca\xc4\xdf\xde\xd0\xe6\x40\xfb\
\xb9\x03\x7a\xfa\xfd\x3d\xf9\x6e\xab\x33\x00\x6b\xa3\xb7\x10\x20\
\x45\x53\x53\x13\x72\xf3\x72\x91\x7a\x38\x15\xa7\xd3\x4f\x33\x06\
\x20\xdd\xf8\xa4\x2f\x82\x6e\xe2\x39\x62\xc4\x08\xcc\x9d\x33\x17\
\x93\x27\x4f\x86\x97\xb7\x57\xaf\x69\x7f\x73\xc1\x68\xbd\xa5\x6e\
\xdd\x09\xab\x31\x00\x69\x42\xc7\xee\x24\x6c\x4b\x74\xa4\x74\xcf\
\x82\xee\x00\xad\xe3\xff\x6f\xef\xdc\x83\xa2\x3a\xcf\x3f\xfe\x3d\
\x7b\xf6\x86\xdc\x6f\x0b\x78\x01\x14\x04\x51\x89\x37\x50\x24\x1a\
\xf0\x12\xa3\x01\x13\x68\xd2\x98\xf8\xd3\xa4\x99\x68\xac\x33\x4d\
\xd2\xdc\x26\x6d\x52\xad\x49\x26\x99\x69\x93\x26\xa9\x66\x4c\x6b\
\xdb\xa4\x46\xc7\x5f\xf2\xc3\x4b\x83\x8a\xe3\xa5\x0a\x16\x44\x91\
\xaa\x20\x08\x88\x18\xae\x11\x44\x60\x59\x60\xd7\x85\xdd\x73\x7e\
\x7f\x6c\xde\xe3\x39\x67\x77\x41\x96\x05\x76\xc9\xf9\xcc\x30\x0c\
\x67\xd9\x3d\xef\x9e\xf7\x7d\x9f\xf7\x79\x9f\xf7\xb9\x68\x3b\xb4\
\xf8\xfa\xeb\xaf\xf1\xed\xff\x7d\x8b\x92\x92\x12\x41\x85\x5d\x77\
\xe7\xd6\xad\x5b\xa8\xaa\xaa\xc2\x99\x33\x67\x70\xe2\xc4\x09\x2c\
\x5b\xb6\x0c\x2f\xbe\xf8\x22\xe6\xcc\x99\x23\xf8\x3f\x2e\x43\xd5\
\x30\x44\xc2\xd9\x2a\xde\x69\x0f\x7b\x19\x86\x48\x36\xea\xb1\xc2\
\x98\xd7\x00\xf8\x1d\x69\x36\x9b\xa1\xd3\xe9\xd0\xd0\xd0\x80\x1f\
\x7e\xf8\x01\x9d\x9d\x9d\xe8\xed\xed\x85\x87\x87\x07\x34\x1a\x0d\
\x22\x22\x22\xa0\x09\xd6\x58\x62\x0f\x78\xe5\xca\xf9\xfb\x35\x67\
\xaf\x0a\xfc\x14\x51\x9f\x7d\xf6\x19\xfe\xfe\xf7\xbf\x73\xc7\x40\
\x62\x8f\x30\x7b\xc2\xd2\x9d\x56\x2b\x86\x61\x50\x5d\x5d\x8d\xea\
\xea\x6a\x54\x54\x54\x60\xeb\xd6\xad\x58\xba\x74\xe9\xbd\x7f\x60\
\x01\x8a\xa5\x86\x25\x16\x9e\x3f\x71\x7b\x7b\x7b\xd1\xd9\xd9\x89\
\x86\x86\x06\x34\x37\x37\xa3\xbb\xbb\x1b\x2c\xcb\xc2\xd3\xd3\x93\
\x1b\x0b\x01\x01\x01\x02\x4f\x54\x7b\xfb\x75\x77\x79\xf6\xb6\x18\
\xf3\x02\x00\x00\xee\xb4\xde\xc1\xa5\xcb\x97\xf0\xef\x7f\xff\x1b\
\x57\x2e\x5f\x41\x73\x4b\x33\x7a\x7a\x7a\x60\x34\x1a\x61\x36\x9b\
\x21\x97\xcb\xe1\xe1\xe1\x01\x3f\x3f\x3f\x4c\x8e\x9c\x8c\x05\x49\
\x0b\x90\x9a\x9a\x8a\xd8\xd8\x58\x2e\x09\x89\xbd\xe2\x13\x43\x85\
\x4c\xfe\x8f\x3f\xfe\x18\xbb\x76\xed\xe2\xea\xca\xf1\xa3\x1f\xf9\
\xff\x2b\x7e\xaf\xad\xeb\xae\x0c\x89\xe5\x30\x9b\xcd\xc8\xcb\xcb\
\xc3\xef\x7e\xf7\x3b\xbc\xf7\xfe\x7b\x58\xb6\x74\x19\x00\x4b\xd9\
\xed\xe1\x0a\x83\x37\x99\x4c\x68\x6a\x6a\x42\x51\x51\x11\x72\x73\
\x73\x51\x51\x51\x81\xdb\xb7\x6f\xc3\x60\x30\xc0\x6c\x36\x0b\xc6\
\x42\x50\x50\x10\x62\x62\x62\xb0\x68\xd1\x22\x2c\x5e\xbc\x18\xe1\
\xe1\xe1\x9c\x30\x70\xe7\xad\x98\x98\x31\x2d\x00\x3a\x3b\x3b\x51\
\x58\x58\x88\x6f\xbf\xfd\x16\x05\x05\x05\x68\x6a\x6a\x82\x5e\xaf\
\xef\xf7\x3d\x17\x8b\x2f\xe2\xc4\xc9\x13\xf8\xe6\x9b\x6f\x90\x9e\
\x9e\x8e\x8c\x8c\x0c\xc4\x4d\x8b\x83\x5c\x61\x79\x54\x43\x29\x66\
\x41\xde\xcf\x7f\xef\x5d\xc3\x5d\x1c\x38\x70\x00\x7b\xf6\xec\x81\
\x5e\xaf\xe7\x06\x19\x39\x0a\x1a\x28\x91\xa5\x3b\x4c\x7e\xa2\x36\
\x93\xf6\x93\x68\x38\x92\x0b\xf2\xaf\x7f\xf9\x2b\xc2\x27\x85\x73\
\x81\x5f\xce\xbc\x2f\x79\x3e\xad\xad\xad\x38\x71\xe2\x04\xf6\xef\
\xdf\x8f\xe2\xe2\x62\xb4\xb5\xb5\xc1\x60\x30\xf4\xfb\xfe\xc2\xc2\
\x42\x1c\x39\x72\x04\xf1\xf1\xf1\x78\xea\xa9\xa7\xb0\x62\xc5\x0a\
\x84\x87\x87\x8f\xba\xe1\xda\x99\x8c\x59\x01\xd0\xd2\xd2\x82\x5d\
\xbb\x76\x61\xf7\xee\xdd\xb8\x79\xf3\x66\xbf\x56\x56\xbe\x8a\xcf\
\x32\x2c\x3a\x3a\x3a\x50\x54\x54\x84\xab\x57\xaf\xe2\xd4\xa9\x53\
\x78\xf9\xe5\x97\x91\x9e\x96\x0e\x95\x5a\xe5\xf4\xce\x2f\xbf\x56\
\x8e\xbd\x7b\xf7\xa2\xad\xad\x8d\xcb\x87\x28\xce\x8a\x64\x8f\xfe\
\x8a\x50\xb8\x1a\x24\x1d\x96\x78\x4b\x43\x2a\x41\x2d\x5c\xb8\x10\
\xaf\xbc\xf2\x8a\xdd\xf3\x71\x47\x20\xf7\xba\x76\xed\x1a\x76\xec\
\xd8\x81\x03\x07\x0e\xa0\xb5\xb5\x15\x80\x45\x13\x19\x68\x2f\x6f\
\x32\x99\xd0\xd2\xd2\x82\x96\x96\x16\x14\x17\x17\xe3\xec\xd9\xb3\
\xf8\xd5\xaf\x7e\x85\x05\x0b\x16\x08\x72\x57\xba\x83\x10\xb6\xc7\
\x98\x14\x00\x0d\x0d\x0d\xf8\xf0\xc3\x0f\xb1\x67\xcf\x1e\xce\x90\
\xc6\xaf\x32\x64\x0f\x7e\x98\x31\xcb\xb2\x5c\x88\x66\x7d\x7d\x3d\
\xee\xdc\xb9\x83\xf5\xeb\xd7\x0f\x39\x29\x29\x5f\x80\xb0\x2c\x8b\
\xe3\xc7\x8f\xa3\xb2\xb2\x52\x70\x5f\x82\xd9\x6c\x86\x52\xa9\x44\
\x78\x78\x38\xfc\xfc\xfc\xec\x7e\x9e\x2b\x42\xfc\xdb\xc9\x73\x6c\
\x6a\x6a\x42\x7b\x7b\xbb\x4d\x21\xd0\xd3\xd3\x83\xec\xec\x6c\x64\
\x66\x66\x62\xf2\xe4\xc9\x4e\x6d\xc7\xf9\xc2\xf3\xf8\xf0\xc3\x0f\
\x71\xe4\xe8\x11\xae\x4d\xe2\xc4\xb3\xf6\xe0\x8f\x19\xad\x56\x8b\
\x7d\xfb\xf6\xe1\xfb\xef\xbf\xc7\xbb\xef\xbe\x8b\x94\x94\x14\xbb\
\x45\x6b\xdd\x89\x31\x27\x00\x6a\x6a\x6a\xf0\xfb\xdf\xff\x1e\x59\
\x59\x59\xfd\x96\x9e\xbe\x1f\x75\x9a\xfc\x5d\x5b\x5b\x8b\x0f\x3e\
\xf8\x00\x46\xa3\x11\x1b\x37\x6e\xb4\x4a\x50\x32\x18\xf8\xa7\x1f\
\x1d\x1d\x1d\xc8\xcf\xcf\xb7\x2a\x83\x06\x58\xd4\x64\x8d\x46\x83\
\xa7\x9e\x7a\x0a\x99\x99\x99\x88\x88\x88\xe0\xae\x8b\xdb\xe8\x8a\
\x42\x80\x3f\xd9\x3a\x3b\x3b\x91\x9f\x9f\x8f\xaf\xbe\xfa\x0a\x97\
\x2e\x5d\x12\x6c\x07\x48\xd1\xcc\x6b\xd7\xae\xa1\xac\xac\x0c\x91\
\x91\x91\x4e\xfb\x3e\xe7\xce\x9d\xc3\xb6\x6d\xdb\x70\xfa\xf4\x69\
\x81\x56\xc5\xd7\xb2\x48\x5b\xf9\xd8\xba\x3f\xd1\x4c\x0a\x0a\x0a\
\xf0\xda\x6b\xaf\xe1\xfd\xf7\xdf\xc7\xa3\x8f\x3e\x0a\xb9\x5c\x3e\
\xa8\xd3\x05\x57\x63\x4c\x09\x80\x96\x96\x16\x7c\xf1\xc5\x17\x38\
\x78\xf0\x20\x97\x61\x58\x90\x64\xd1\x8e\x5a\x2d\x36\xf0\xf1\x27\
\x15\x79\xad\xa1\xa1\x01\xdb\xb7\x6f\x47\x50\x50\x10\xd6\xac\x59\
\xe3\xb0\xaa\x4a\x51\x14\x58\x86\x05\x28\x8b\x60\xb9\x79\xf3\xa6\
\x20\x1f\x22\x41\xa1\x50\x60\xdd\xba\x75\x78\xf3\x8d\x37\x11\x1a\
\x16\xea\xd0\xbd\x5c\x89\xb8\xb8\x38\x84\x85\x85\xe1\x37\xbf\xf9\
\x0d\xb7\x25\xe3\x7f\xe7\xae\xae\x2e\x94\x94\x94\x60\xe9\xd2\xa5\
\xf0\xf4\xf4\x1c\xf2\xfd\xaa\xab\xab\xf1\xd1\x47\x1f\x21\x2f\x2f\
\x4f\x50\x9d\x47\x8c\x2d\x4d\x80\x3f\x0e\xc4\x50\x14\x85\xd2\xd2\
\x52\x7c\xfa\xe9\xa7\xd0\x68\x34\x48\x4a\x4a\x02\x05\xca\xea\xfb\
\xb8\x0b\x63\x46\x00\x98\x4c\x26\x1c\x38\x70\x00\xbb\x77\xef\x86\
\xc1\x60\xe0\x56\x19\xbe\x5a\x4d\x24\xbf\x5a\xad\x46\x54\x54\x14\
\xc6\x8f\x1f\x0f\xa5\x52\x09\x9d\x4e\x87\xfa\xfa\x7a\xd4\xd5\xd5\
\x71\x02\x83\xa6\x69\x6e\xe0\x90\x8e\xad\xa9\xa9\xc1\x47\x1f\x7d\
\x84\xa8\x29\x51\x48\x9c\x9f\xe8\x90\xd4\xe7\xb7\xa5\xb1\xb1\x91\
\x0b\xfc\x10\xab\xff\x51\x51\x51\xc8\xcc\xcc\x1c\x13\x93\x1f\x00\
\x94\x4a\x25\x96\x2f\x5f\x8e\x47\x56\x3c\x82\x5d\x7f\xdb\x85\xbe\
\xbe\x3e\xee\xb9\x92\x34\x59\xb5\xb5\xb5\x30\x18\x0c\x8e\x0b\x80\
\x1f\xcb\xdc\x75\x75\x77\x61\xfb\xf6\xed\xc8\xc9\xc9\x41\x6f\x6f\
\x2f\xb7\xed\x20\xbf\xc9\x38\x20\x79\x27\xa3\xa3\xa3\xb9\xea\x3c\
\xad\xad\xad\xa8\xa9\xa9\x81\x56\xab\xe5\x8c\x97\xfc\x6c\xd5\x44\
\x63\x29\x28\x28\xc0\xae\x5d\xbb\x30\x65\xca\x14\x68\x34\x1a\x9b\
\x42\xdc\x1d\x70\x7b\x01\xc0\x82\x05\x05\x0a\x55\x55\x55\xd8\xbb\
\x67\x2f\xee\xdc\xb9\x63\xb5\xc7\x24\x9d\xe6\xe7\xe7\x87\xd4\xd4\
\x54\xac\x7c\x64\x25\x62\x63\x63\xa1\x09\xd1\x40\xa1\x50\xa0\xab\
\xab\x0b\xb7\x6e\xdd\x42\x71\x71\x31\x0e\x1f\x3e\x8c\x4b\x97\x2e\
\xd9\xdd\x3e\x5c\xb9\x72\x05\x5f\x7e\xf9\x25\xa6\x44\x4d\x41\x70\
\x70\xf0\xe0\xdb\xcb\xb2\x00\x0b\x30\x2c\x83\xee\xee\x6e\x9b\x2a\
\x3d\x60\x89\x18\x0b\x0a\x0a\xe2\xde\xe3\x8e\x83\x4b\x8c\x87\x87\
\x07\xa2\xa7\x46\x83\xa6\x69\xf4\xf6\xf6\x72\xd7\x49\x16\x68\x9d\
\x4e\xd7\xaf\xd1\x73\x40\x7e\x4c\xc2\x79\xfa\xdf\xa7\xb1\x7f\xff\
\x7e\x6e\xf2\xf3\x31\x99\x4c\x60\x18\x06\x21\x21\x21\x58\xbe\x7c\
\x39\x96\x2f\x5b\x8e\x69\x71\xd3\x38\x1b\x8b\x56\xab\x45\x6d\x6d\
\x2d\xf2\xf3\xf3\x71\xfc\xf8\x71\xd4\xd4\xd4\x58\x39\xff\x50\x14\
\x85\xbe\xbe\x3e\x64\x67\x67\xe3\xc1\x07\x1f\xc4\x0b\x2f\xbc\xc0\
\x7d\x0f\x77\xeb\x27\xb7\x17\x00\x14\x28\x18\xef\x1a\x71\xf4\xe8\
\x51\x5c\x29\xb9\x62\xb9\x26\x72\xfe\x61\x59\x16\x51\x51\x51\xd8\
\xb4\x69\x13\x32\x33\x33\x11\x1d\x1d\x6d\xf3\xb3\x96\x2e\x5d\x8a\
\x65\x4b\x97\xe1\xcb\xaf\xbe\xc4\xa1\x43\x87\xa0\xd5\x6a\x05\x1a\
\x00\xc9\x59\x70\xfa\xcc\x69\x14\x17\x17\x63\xd5\xaa\x55\x0e\xb5\
\x97\x92\x51\x60\xcd\x96\xd0\x67\xb1\xb0\x22\xab\x4d\x5b\x5b\x9b\
\x95\x76\xe0\x6e\x83\x4b\x8c\xd1\x68\xc4\xad\x5b\xb7\x6c\x6e\xc1\
\x64\x32\x19\xd4\x6a\xf5\x90\xf7\xd2\xcd\xcd\xcd\xc8\xca\xca\x42\
\x73\x73\xb3\xd5\x3d\x88\xd6\x31\x67\xce\x1c\xbc\xf4\xd2\x4b\x58\
\xb1\x62\x05\x26\x4c\x98\x60\xf5\x19\x49\x49\x49\x58\xb1\x62\x05\
\x96\x2e\x5d\x8a\x9d\x3b\x77\xe2\xf4\xe9\xd3\x60\x18\xc6\x6a\xdb\
\xd7\xd6\xd6\x86\xef\xbe\xfb\x0e\x29\x29\x29\x88\x8e\x8e\x76\x4b\
\x2d\xc0\x65\x04\xc0\x60\x8e\xd7\xf8\x86\x34\x00\xb8\xf9\xfd\x4d\
\x1c\x3e\x7c\xd8\xe6\xb9\x2e\xcb\xb2\xd0\x68\x34\x78\xf5\xd5\x57\
\xf1\xec\xb3\xcf\xc2\xdb\xdb\x9b\xbb\xce\x37\x44\x01\x96\x15\x6a\
\xd1\xe2\x45\x98\x38\x69\x22\xe4\x72\x39\xfe\xf9\xcf\x7f\x72\x9a\
\x00\x7f\x5f\xd8\xd0\xd0\x80\x53\xa7\x4e\x21\x25\x25\x65\xf0\xa7\
\x02\x94\xe5\x87\xa6\x69\x84\x86\x86\x42\xa9\x54\x02\xb8\x77\x36\
\x4e\x84\x4c\x65\x65\x25\xf2\xf2\xf2\x10\x1f\x1f\x0f\xb5\x5a\xed\
\x76\x03\xcb\x16\x95\x15\x95\xc8\xcd\xcd\x85\xc9\x64\x12\x3c\x53\
\xc0\xd2\x07\x61\x61\x61\x43\xce\x03\x71\xf9\xf2\x65\x14\x17\x17\
\x03\x80\xc0\x4a\x4f\x34\xad\xd9\xb3\x67\x63\xcb\x96\x2d\x78\xec\
\xb1\xc7\xb8\x09\xcd\xdf\x2a\x92\xf6\x90\x82\x1e\x41\x41\x41\xd0\
\xeb\xf5\x28\x2c\x2c\xe4\xfe\x87\x8c\x17\x86\x61\x70\xee\xdc\x39\
\x9c\x3f\x7f\x1e\xd1\xd1\xd1\x6e\x69\x0b\x70\x19\x01\xe0\x28\x2c\
\xcb\xe2\xea\xd5\xab\xb8\x7c\xf9\x32\x00\xeb\x4e\x57\xab\xd5\x78\
\xee\xb9\xe7\xb8\xc9\x6f\xcb\x1f\x40\x2c\x78\x22\x23\x23\xb1\x79\
\xf3\x66\xd4\xd4\xd4\x70\xd2\x9f\x0c\x58\x99\x4c\x06\xa3\xd1\x88\
\xa2\xa2\x22\x34\x36\x36\x0e\xda\x79\x85\x61\x18\x80\x05\x68\x39\
\x8d\xc8\xc8\x48\x84\x85\x85\xa1\xae\xae\x4e\xf0\x3a\x45\x51\xd0\
\xeb\xf5\xd8\xb9\x73\x27\x7c\x7d\x7d\x91\x91\x91\x61\xd5\xf6\xc1\
\x30\xda\x03\xd2\x6c\x36\xa3\xbc\xbc\x1c\x7f\xfc\xe3\x1f\xb9\xea\
\xcf\xe4\x79\x92\xef\xa4\x54\x2a\x31\x63\xfa\x8c\x21\x19\x00\x59\
\x96\x45\x51\x51\x11\xea\xeb\xeb\xb9\xbf\xf9\x04\x07\x07\x63\xe3\
\xc6\x8d\xc8\xc8\xc8\xb0\x5a\x70\xc4\x6e\xbe\xa4\x8d\x0f\x3d\xf4\
\x10\xde\x7a\xeb\x2d\xfc\xfa\xd7\xbf\x46\x5d\x5d\x9d\xd5\x56\xa0\
\xad\xad\x0d\xe7\xcf\x9f\x47\x7a\x7a\xba\xdd\xa3\x5a\x57\xc6\xed\
\x05\x80\x4e\xa7\x43\x69\x69\x29\x7a\x7a\x7a\x04\x2a\x1a\x91\xc4\
\x33\x66\xcc\x10\xac\xfc\xfd\xc1\x1f\x14\xb3\x1e\x98\x85\x27\x9f\
\x7c\x12\xc5\xc5\xc5\xd0\xe9\x74\x56\xc2\xa2\xa5\xa5\x05\x95\x95\
\x95\x88\x89\x89\x19\x94\xd4\x97\xc9\x64\x5c\x42\x8c\xe0\xe0\x60\
\x24\x25\x25\xa1\xa4\xa4\xc4\x2a\xdc\x97\xa2\x28\x7c\xff\xfd\xf7\
\xd8\xb2\x65\x0b\xb2\xb3\xb3\x11\x11\x11\x31\x24\x27\xa4\xd1\x08\
\x6f\x25\x06\x34\x6d\x87\x16\x57\xae\x5c\xc1\xb5\x8a\x6b\x9c\x43\
\x10\x7f\xa2\x91\x2d\xda\x9c\x39\x73\x38\x01\xee\x48\x7b\x6f\xdf\
\xbe\x8d\xf2\xf2\x72\x18\x0c\x06\x9b\x1e\x94\xc9\xc9\xc9\x58\xb5\
\x6a\xd5\x7d\x3f\x47\x22\xf8\x1f\x79\xe4\x11\xac\x58\xb1\x02\x7b\
\xf6\xec\x81\xd1\x68\xb4\x72\xc1\xae\xaa\xaa\x42\x53\x53\x93\x24\
\x00\x46\x03\x9d\x4e\x87\xea\xea\x6a\x00\x10\x38\x78\x10\x6b\x7f\
\x72\x72\x32\x22\x23\x23\xb9\x6b\x03\xc1\xa9\xa4\xb4\x0c\x89\x89\
\x89\x88\x8b\x8b\xc3\x85\x0b\x17\xac\xde\xdb\xd1\xd1\x81\x9b\x37\
\x6f\x0e\xba\xbd\x14\x75\xcf\xd7\x5d\xa5\x52\x61\xe5\xca\x95\xc8\
\xc9\xc9\xc1\xf5\xeb\xd7\x05\xf7\x07\x2c\xc2\xa2\xa5\xa5\x05\x39\
\x39\x39\x50\x28\x14\xa3\xbe\x92\x3b\x0a\xc3\x30\x9c\xd1\x4f\x5c\
\x1c\x93\x65\x59\x78\x78\x78\x60\xd5\xaa\x55\x8e\x3b\x01\xfd\x68\
\xfd\x6f\x6c\x6c\xe4\xf6\xfe\x62\x21\xe3\xe9\xe9\x89\xc5\x8b\x17\
\x63\xd2\xa4\x49\xf7\xe5\xce\xcd\x7f\x4d\xad\x56\x63\xd9\xb2\x65\
\xc8\xc9\xc9\x41\x63\x63\xa3\x95\x2d\xa0\xb6\xb6\x16\xb7\x6f\xdf\
\xc6\x8c\x19\x33\x1c\x6b\xff\x28\xe2\xf6\x02\xe0\xee\xdd\xbb\x5c\
\x76\x61\xb1\x11\x46\xa5\x52\x21\x3e\x3e\x9e\x4b\x40\x31\xd8\x09\
\x34\x79\xf2\x64\xc4\xc4\xc4\x70\x02\x80\x6f\x10\xd4\xeb\xf5\xb8\
\x73\xe7\x0e\xf7\xb9\x8e\xae\x5a\xf3\xe7\xcf\xc7\xe3\x8f\x3f\x8e\
\xed\xdb\xb7\xc3\x68\x34\x72\x36\x00\x02\x19\xc8\xee\x9a\x10\x84\
\xc0\x37\x70\x8a\x9d\x9e\xe6\xcc\x99\x83\x9f\xfd\xec\x67\xf0\xf2\
\xf6\x72\x48\xc3\x21\x27\x41\x9d\x9d\x9d\xe8\xee\xee\x06\x70\xcf\
\x60\x4b\x3e\x2f\x38\x38\x18\xb1\xb1\xb1\xdc\xe4\x1d\xa8\xaf\xc4\
\xed\x98\x36\x6d\x1a\x02\x03\x03\xb9\x64\xb6\x7c\xda\xdb\xdb\x47\
\x34\x91\xa7\x33\x71\x7b\x01\x60\x32\x99\x38\xe3\x1f\xdf\x88\x06\
\x58\x32\xb0\x92\xa3\x34\x5b\xbe\xe8\x03\xe1\xed\xed\x8d\x80\x80\
\x00\x00\xd6\x47\x3c\x26\x93\x69\xc0\xc0\xa2\xfb\xc1\xdf\xdf\x1f\
\xcf\xff\xe2\x79\x94\x97\x97\x23\x27\x27\x87\xb3\x36\x9b\xcd\x66\
\x4e\x05\xb5\x65\x19\x77\x57\x17\x54\x41\xdc\x05\xcb\x22\x24\x24\
\x04\x1b\x36\x6c\xc0\xec\xd9\xb3\x87\xfc\x9d\x0c\x06\x03\x37\x16\
\xc4\xe5\xb5\xbc\xbc\xbc\x1c\x3e\xb6\xa5\x28\x0a\x7e\x7e\x7e\xf0\
\xf7\xf7\x17\x5c\x23\xf4\xf5\xf5\x39\x65\x2c\x8c\x06\x6e\x2f\x00\
\xf8\xf4\xb7\xb7\x73\x64\x75\x36\x9b\xcd\xe8\xeb\xeb\xb3\xfb\x7e\
\x67\x4c\x42\x96\x65\x11\x13\x13\x83\x77\xde\x79\x07\x66\xb3\x19\
\xa7\x4f\x9f\x16\x38\xc9\xb8\xb3\x9b\xa9\x2d\x58\xf6\x5e\x88\x73\
\x64\x64\x24\x5e\x79\xe5\x15\x64\x64\x64\x70\x79\xf2\xf9\xaa\xbb\
\x23\xd8\xeb\x67\x99\x4c\x36\xa4\x40\x23\x22\x90\xc7\x1a\x6e\x2f\
\x00\xe4\x72\x39\x67\x39\x16\x0b\x00\x93\xc9\x84\xb6\xb6\x36\x81\
\xd5\x79\x30\xe8\x74\x3a\x4e\xcd\x17\xa3\x50\x28\xe0\x39\xee\x9e\
\xc5\x7a\x28\xfb\x73\x5a\x4e\x23\x39\x39\x19\x7f\xf8\xc3\x1f\xf0\
\xb7\x5d\x7f\x43\xf6\xe1\x6c\x34\x34\x34\x70\xaf\x8f\xb5\x81\xe7\
\xe1\xe1\x81\x05\x0b\x16\xe0\x85\x17\x5e\xc0\xe3\x8f\x3f\xce\x19\
\x68\x87\x6a\xe3\x50\xab\xd5\xdc\x31\xa2\xb8\xaf\xbb\xba\xba\xac\
\x7c\x03\xee\x07\xd2\xa6\xb6\xb6\x36\x74\x74\x74\xd8\x6c\xa7\x5a\
\xad\x86\x97\xb7\xed\x34\xdf\xae\x8e\xdb\x0b\x00\x0f\x0f\x0f\x81\
\x6a\xc7\xef\x78\xa3\xd1\x88\x92\x92\x12\xe8\xf5\x7a\x87\x8e\x97\
\x1a\x1a\x1a\x50\x5b\x5b\x0b\x00\x56\x02\xc4\xc3\xc3\x03\x01\x81\
\x01\x8e\x37\xfc\x47\xf8\x83\x69\xd6\xac\x59\xd8\xf6\xee\x36\xa4\
\x2e\x49\xc5\xe1\xc3\x87\x91\x9b\x9b\x8b\xa6\xa6\xa6\xa1\x79\xc7\
\xb9\x10\x3e\x3e\x3e\x98\x3d\x7b\x36\xd2\xd2\xd2\x90\x96\x96\x86\
\xe9\xd3\xa7\x5b\x39\x42\x39\x02\x79\x5f\x50\x50\x10\x67\x89\x17\
\x7f\x56\x4b\x4b\x0b\xaa\xaa\xaa\x90\x9e\x96\x7e\x5f\x09\x47\xc4\
\xef\xbf\x7e\xfd\x3a\x17\x4a\x2c\xc6\xd7\xd7\x17\x3e\x5e\x3e\x0e\
\xb4\x7c\xf4\x71\x7b\x01\xe0\xeb\xeb\xcb\x9d\xc5\x8b\x8d\x67\x77\
\xef\xde\xc5\xd9\xb3\x67\x51\x71\xad\x02\x09\x89\x09\x83\x1a\x60\
\x7d\x7d\x7d\xf8\xcf\x7f\xfe\x83\x6b\xd7\xae\xd9\x7c\x3d\x20\x20\
\x80\xab\xf1\xe6\x4c\xe7\x8f\xa0\xa0\x20\x3c\xf9\xe4\x93\x78\xf0\
\xc1\x07\x51\x7d\xbd\x1a\x35\x37\x6b\xb8\x94\x55\xc0\xe8\x9f\xe9\
\x3b\x82\x4c\x26\x43\x60\x60\x20\xa6\x4c\x99\x82\xe8\xe8\x68\x44\
\x47\x47\x5b\xa5\xda\x72\xc6\xf7\x1a\x3f\x7e\x3c\x57\x51\x8a\x9f\
\x74\x84\xa6\x69\xe8\xf5\x7a\x9c\x3d\x7b\x16\x19\x19\x19\x88\x8a\
\x8a\x1a\xd4\x3d\xef\xde\xbd\x8b\x93\x27\x4f\xda\x2d\xd9\x15\x11\
\x11\x81\xa0\x60\xf7\x74\xdb\x76\x7b\x01\xe0\xe5\xe5\xc5\x59\xfa\
\xf9\x61\xb5\xa4\x13\xaa\xab\xab\xf1\xd5\x3f\xbf\x42\x78\x44\x38\
\x34\x1a\x4d\xbf\x9f\xc5\xef\xbc\xa2\xa2\x22\x1c\x3c\x78\x10\xdd\
\xdd\xdd\x36\xe3\xbe\x27\x4e\x9c\x88\xd8\xd8\xd8\x1f\xdf\x08\xa7\
\xa7\xb1\x0a\x0b\x0b\x43\x58\x58\x18\x1e\x4a\x79\x08\x06\x83\xa1\
\x5f\x5b\x84\x3b\xa0\x56\xab\x6d\xe6\xd7\x73\x66\x38\x73\x40\x40\
\x00\xa6\x4d\x9b\x06\x4f\x4f\x4f\xc1\x58\x20\x9c\x3b\x77\x0e\x87\
\x0e\x1d\xc2\xcb\x2f\xbf\xcc\x79\x60\xda\x83\x8c\x05\x93\xc9\x84\
\xac\xac\x2c\x2b\xdb\x0c\x9f\xe9\xd3\xa7\x73\x2e\xc5\xee\xd6\x3f\
\x6e\x2d\x00\x48\x27\xcd\x9c\x39\x13\x73\xe7\xce\xe5\xca\x8d\x93\
\x8e\xa7\x69\x1a\x06\x83\x01\x59\x59\x59\x98\x30\x61\x02\x36\x6e\
\xdc\x68\xb5\x5d\xe0\x1f\xe1\x91\xce\xab\xa8\xa8\xc0\xce\x9d\x3b\
\x71\xf1\xe2\x45\xc1\xfd\x88\x9f\x81\x87\x87\x07\x12\x12\x12\xb8\
\xea\xc5\x94\x6c\x78\x3b\xdd\xc3\xc3\x63\x48\x39\x08\x5c\x91\xe1\
\x98\x28\x34\x4d\x23\x31\x31\x11\xe1\xe1\xe1\xa8\xa8\xa8\x10\xd8\
\x84\x64\x32\x19\xda\xda\xda\xb0\x7b\xf7\x6e\x44\x44\x44\xe0\x89\
\x27\x9e\x10\x08\x08\x4e\xc0\x53\x3f\xc6\x6b\x50\x14\x7a\x7b\x7b\
\x71\xfc\xf8\x71\xfc\xe9\x4f\x7f\x42\x7d\x7d\xbd\x95\x33\x18\xcb\
\xb2\x08\x08\x08\xc0\xc2\x85\x0b\xe1\xef\xef\x6f\xe5\xa2\xee\x0e\
\xb8\xb5\x00\x20\x44\x45\x45\x61\xf5\xea\xd5\xb8\x70\xe1\x82\xd5\
\x79\xb9\x4c\x26\x43\x6b\x6b\x2b\x3e\xfb\xec\x33\x18\x0c\x06\x3c\
\xfb\xec\xb3\x16\xbf\x6d\xde\x84\x27\xbf\xbb\xbb\xbb\x51\x5c\x5c\
\x8c\xcf\x3e\xfb\x0c\xc7\x8e\x1d\xe3\xa2\xc9\x88\x80\x60\x18\x06\
\x0c\xc3\x60\xe2\xc4\x89\x58\xb6\x6c\xd9\x90\xb3\x03\x8d\x24\xae\
\x74\x6c\x38\x9c\x13\x24\x61\x5e\x02\xe6\xce\x9d\x8b\x8a\x8a\x0a\
\x81\x5f\x08\xe9\xef\xb2\xb2\x32\x6c\xd9\xb2\x05\x1d\x1d\x1d\x48\
\x4b\x4b\xb3\xbb\x72\xb7\xb7\xb7\xe3\xe8\xd1\xa3\xf8\xe4\x93\x4f\
\x50\x52\x52\x22\x18\x2f\x7c\x17\xe6\x94\x94\x14\x24\x27\x27\xbb\
\xd5\xa4\xe7\xe3\xf6\x02\x80\x61\x18\x28\x95\x4a\xac\x5a\xb5\x0a\
\xff\xfa\xd7\xbf\x50\x50\x50\x20\xd0\x02\xc8\x39\x7a\x6b\x6b\x2b\
\x3e\xfd\xf4\x53\xe4\xe7\xe7\x23\x23\x23\x03\x73\xe7\xce\x85\x9f\
\x9f\x1f\x68\x9a\xc6\xdd\xbb\x77\xd1\xd0\xd0\x80\xbc\xbc\x3c\x64\
\x67\x67\xa3\xa6\xa6\x86\x7b\xaf\xf8\x5e\x00\xb0\x72\xe5\x4a\xcc\
\x9f\x3f\x1f\x80\xfb\xed\xf9\xc6\x3a\x41\xc1\x41\x78\xea\xa9\xa7\
\x90\x9f\x9f\x8f\xba\xba\x3a\xc1\xd1\x1f\xf1\x11\xa9\xaa\xaa\xc2\
\x1b\x6f\xbc\x81\x63\xc7\x8e\x21\x2d\x2d\x0d\xd3\xa6\x4d\x83\x8f\
\xaf\x0f\x64\x94\x0c\x3d\xdd\x3d\xa8\xad\xab\x45\x4e\x4e\x0e\x4e\
\x9c\x38\x81\xe6\xe6\x66\xab\x6d\x0a\xd1\x2c\x34\x1a\x0d\x32\x32\
\x32\xb8\x6c\x4d\xee\x88\xdb\x0b\x00\xd2\x19\xb1\xb1\xb1\x58\xbf\
\x7e\x3d\xea\xea\xea\xd0\xd8\xd8\x08\xe0\xde\x99\x33\x11\x02\x3d\
\x3d\x3d\xc8\xcd\xcd\xc5\xc5\x8b\x17\x11\x12\x12\x82\xe0\xe0\x60\
\x28\x95\x4a\x2e\x1f\x40\x47\x47\x87\xc0\x65\xd5\x96\x3f\x79\x62\
\x62\x22\xd6\xaf\x5f\xef\x96\x7e\xdf\xee\xc2\x50\x04\x2a\x45\x51\
\x58\xb2\x64\x09\x9e\x79\xe6\x19\xec\xd8\xb1\x43\x10\x23\x42\xc6\
\x82\xd9\x6c\x46\x57\x57\x17\xb2\xb3\xb3\x71\xfa\xf4\x69\x68\x34\
\x1a\x04\x06\x05\x42\x46\xc9\xd0\xd1\xd1\x81\xdb\xb7\x6f\x43\xa7\
\xd3\x59\x65\x66\x26\x63\x8d\x6c\x03\x33\x33\x33\xf1\xf0\xc3\x0f\
\x03\x70\xdf\x85\xc0\x65\x04\xc0\x60\x54\x54\xf1\x83\x66\x59\x16\
\x72\xb9\x1c\x19\x19\x19\xa8\xad\xad\xc5\xf6\xed\xdb\xa1\xd7\xeb\
\x05\xd9\x5c\x80\x7b\x2b\x40\x4f\x4f\x0f\x6e\xde\xbc\x69\xd3\x97\
\xdf\xd6\xd6\x80\xa8\xfe\x53\xa7\x4e\xc5\xdb\x6f\xbf\x8d\xb9\x73\
\xe7\x0e\xba\xcd\xa3\x8d\x3b\x0e\x4e\x47\xf1\xf6\xf6\xc6\xa6\x17\
\x37\xe1\xfa\xf5\xeb\x38\x74\xe8\x10\x97\xef\x9f\xf4\x17\x31\xea\
\x32\x0c\x03\x9d\x4e\x07\x9d\x4e\x87\x1b\x37\x6e\xd8\xfc\x2c\xf1\
\x16\x82\x68\x81\xa9\xa9\xa9\x78\xf1\xc5\x17\x11\x16\x16\x26\xf8\
\x3f\x77\x43\x26\x76\x99\x74\x67\x42\x42\x42\xb0\x79\xf3\x66\xac\
\x5d\xbb\x96\xf3\x2c\x13\x43\xb4\x01\xd2\xa1\xe4\x87\x7f\x9d\xc0\
\x30\x0c\xe7\x01\x36\x65\xca\x14\xbc\xfe\xfa\xeb\x58\xbd\x7a\xb5\
\xe0\x54\xc0\x5d\x3b\x7e\xac\x13\x39\x39\x12\x6f\xbd\xf5\x16\x1e\
\x79\xe4\x11\x00\xb0\x2a\xb9\x6d\xaf\xcf\xc9\x6b\x62\xb5\x9f\x1f\
\x5b\x30\x7f\xfe\x7c\xbc\xf9\xe6\x9b\xdc\x42\xe0\xce\xc8\x59\x86\
\x05\x45\xbb\xef\x20\xe6\xab\xf9\x14\x45\x21\x3c\x3c\x1c\x5b\xb7\
\x6e\x85\xa7\xa7\x27\xf6\xed\xdb\xc7\x39\x6f\xd8\xda\xc7\x0d\xf4\
\xb9\x64\x92\xc7\xc5\xc5\xe1\xb5\xd7\x5e\xc3\xff\xac\xfd\x9f\x21\
\x85\xab\x4a\x8c\x2c\xf3\xe7\xcf\xc7\x96\xad\x5b\xa0\x56\xab\x71\
\xe4\xc8\x11\x4e\x08\xf0\x03\x82\xf8\x27\x40\xb6\x16\x42\x32\x0e\
\x48\x6e\x89\xc5\x8b\x17\xe3\xed\xb7\xdf\x46\x6a\x6a\x2a\x97\xda\
\xcd\x9d\x5d\xb5\xe5\x94\xcc\x35\xd3\x4a\x0f\x06\x71\x07\x4c\x9a\
\x34\x09\x6f\xbd\xf5\x16\x26\x4f\x9e\x8c\x3d\x7b\xf6\xa0\xac\xac\
\x0c\x46\xa3\x51\xd0\xc1\xe2\x64\x8f\xc0\x3d\x23\x1f\x71\x1d\xf6\
\xf3\xf3\xc3\xa2\x45\x8b\xb0\x61\xc3\x06\x2c\x5b\xb6\x0c\x1e\xe3\
\x3c\xdc\x32\xed\xd3\x4f\x99\xa4\xf9\x49\x78\xff\xfd\xf7\x31\x75\
\xea\x54\x64\x65\x65\xa1\xa9\xa9\x89\x3b\xcf\xe7\x67\x8d\xe6\x8f\
\x07\x71\x72\x10\x8a\xa2\xa0\xd1\x68\xf0\xf8\xe3\x8f\x63\xe3\xc6\
\x8d\x48\x48\x48\xe0\x5e\x77\xf7\xb1\x20\x77\xf7\x2f\x60\xb3\xfd\
\xac\xc5\x91\x66\xd3\xa6\x4d\x48\x4c\x4c\xc4\xfe\xfd\xfb\x71\xf4\
\xe8\x51\xd4\xd7\xd7\xe3\xee\xdd\xbb\x00\xec\xfb\xd7\xcb\x64\x32\
\x78\x7b\x7b\x63\xde\xbc\x79\xc8\xcc\xcc\x44\x7a\x7a\xba\x20\x4e\
\xdd\x9d\xa5\xfd\x4f\x11\x19\x2d\xc3\xcc\x99\x33\xf1\xce\x3b\xef\
\x60\xf1\xe2\xc5\x38\x70\xe0\x00\x4e\x9d\x3a\x85\x96\x96\x16\xc1\
\xb6\xc0\x96\xbb\xb5\x16\x28\x46\x22\x00\x00\x0e\xfb\x49\x44\x41\
\x54\x4a\xa5\x42\x40\x40\x00\x16\x2c\x58\x80\x35\x6b\xd6\x20\x35\
\x35\x15\xa1\xa1\x96\x2c\xcd\x2c\xcb\x0e\x5b\x0d\xc3\x91\xc4\x65\
\x8c\x80\xce\x82\x65\xee\x39\x74\x90\x84\x20\xf1\xf1\xf1\x58\xbb\
\x76\x2d\xf2\xf3\xf3\x51\x50\x50\x80\x8a\x8a\x0a\xb4\xb6\xb6\x72\
\x16\x7f\x8a\xa2\xe0\xe9\xe9\x89\x89\x13\x27\x62\xf6\xec\xd9\x58\
\xb2\x64\x09\x12\x13\x13\x11\x11\x11\x21\x88\x5d\xe7\xab\x89\xee\
\x2e\x38\x7f\x4a\xb0\x2c\x0b\x5f\x5f\x5f\xac\x5e\xbd\x1a\xc9\xc9\
\xc9\x28\x2b\x2b\x43\x6e\x6e\x2e\x2e\x5c\xb8\x80\x1b\x37\x6e\xa0\
\xbd\xbd\x5d\x50\x02\xde\xdb\xdb\x1b\x93\x27\x4f\x46\x52\x52\x12\
\x52\x52\x52\x10\x1f\x1f\x8f\xb0\xb0\x30\x2b\x47\xa0\xb1\xc0\x98\
\x13\x00\xa0\x2c\x42\x80\x94\x98\x66\x59\x4b\xee\xf7\x84\x84\x04\
\xcc\x9c\x39\x13\x4f\x3f\xfd\x34\x77\xd4\xd3\xd5\xd5\x05\xb3\xd9\
\x0c\x95\x4a\x05\x3f\x3f\x3f\x04\x06\x06\x22\x30\x30\x10\xfe\xfe\
\xfe\x82\x6d\xc1\x60\x3b\x7e\x2c\xa8\x86\xa3\x89\x58\xc8\x0e\x45\
\xe8\xb2\x2c\xcb\x9d\x02\x00\x40\x60\x60\x20\x52\x52\x52\x30\x6f\
\xde\x3c\x74\x74\x74\xa0\xbd\xbd\x1d\x6d\x6d\x6d\x5c\x3c\xbf\x87\
\x87\x07\x02\x02\x02\x10\x10\x10\x00\x5f\x5f\x5f\x9b\xc7\xbd\xfd\
\x85\x9d\xbb\x1b\x63\x4e\x00\x50\x14\x25\x28\x31\xcd\x1f\x34\x6a\
\xb5\x1a\xa1\xa1\xa1\x08\x0d\x0d\x45\x5c\x5c\x1c\x80\x81\x27\xab\
\x23\x2a\x3f\xdf\x28\x29\x09\x83\xc1\x63\xeb\x98\x97\xbf\x4f\x1f\
\xec\x67\xd9\xca\x03\xe0\xe5\xe5\x05\x2f\x2f\x2f\x4c\x9a\x34\xc9\
\x29\x6d\x74\x57\xc6\x9c\x00\x00\x30\xa8\xbd\xd9\x70\x74\xa4\x38\
\x73\x2c\xa1\xb5\xb5\x15\x5a\xad\x16\x46\xa3\x11\x7d\x7d\x7d\x82\
\xf4\x58\x12\xf7\xa0\x28\x0a\x4a\xa5\x12\x3e\xde\x3e\x08\x0a\x0e\
\x1a\x72\xaa\xf0\xb1\x32\x59\x87\x03\xb7\x37\x02\xba\x22\xfc\x67\
\xda\xde\xde\x8e\xcb\x97\x2f\xa3\xb4\xb4\x14\xd7\xaf\x5f\x47\x7d\
\x7d\x3d\xb4\x5a\x2d\xfa\x7a\xfb\x2c\x81\x27\x63\x48\x9d\x74\x06\
\xe4\x7c\xde\xdb\xdb\x1b\x21\x21\x21\x88\x8e\x8e\x46\x7c\x7c\x3c\
\x66\xcd\x9a\x85\xa8\xa8\xa8\xd1\x6e\xde\x98\x43\x2e\xa9\xa8\xce\
\x41\xbc\x4f\xd5\x6a\xb5\xc8\xcd\xcd\xc5\x91\x23\x47\x70\xf6\xec\
\x59\xd4\xd5\xd5\x71\xab\xbe\xc4\xc0\xf0\xb7\x4f\x41\x41\x41\x58\
\xb0\x60\x01\x1e\x7d\xf4\x51\x3c\xfc\xf0\xc3\x5c\x65\x27\x69\xec\
\x0e\x9d\xb1\xb9\x05\x18\x61\xb8\x34\xd3\x96\x58\x52\x54\x56\x56\
\xe2\xab\xaf\xbe\xc2\xfe\xfd\xfb\xed\xba\x1b\x4b\xf4\x0f\xff\x2c\
\xbe\xb5\xb5\x15\x47\x8e\x1c\x41\x41\x41\x01\x4e\x9e\x3c\x89\x0d\
\x1b\x36\x60\xe5\xca\x95\xd2\xf6\xc9\x09\x48\x5b\x00\x27\x41\x06\
\x63\x49\x49\x09\xde\x7b\xef\x3d\x64\x67\x67\x0b\x82\x49\xa4\xe7\
\x3c\x38\x6c\x19\x02\x3b\x3a\x3a\x70\xe8\xd0\x21\xdc\xb8\x71\x03\
\x3a\x9d\x0e\x6b\xd6\xac\x91\x9e\xeb\x10\x91\x34\x00\x27\x52\x56\
\x56\x86\xad\x5b\xb7\x22\x3b\x3b\x1b\x80\x25\x71\xe8\x58\xc9\xe7\
\x37\x1a\xf0\xed\x23\x34\x4d\x83\xa2\x28\x98\xcd\x66\x5c\xbd\x7a\
\x15\xdb\xb6\x6d\x03\x45\x51\x78\xe2\x89\x27\xb8\x23\x3e\x89\xc1\
\x23\x3d\x39\x27\x40\x51\x14\x7e\xf8\xe1\x07\xec\xd8\xb1\x03\x47\
\x8f\x1e\x05\x00\x2e\xfa\x4c\xec\x6f\x4e\xaa\x15\x4b\x0c\x0c\xdf\
\x67\x5f\x9c\xdc\xa3\xaa\xaa\x0a\x1f\x7f\xfc\x31\x42\x42\x42\x2c\
\x7e\xf9\x12\x0e\x21\x09\x00\x27\x60\x36\x9b\x71\xf8\xf0\x61\x1c\
\x38\x70\xc0\x2a\xf4\x94\x0c\x5a\xb3\xd9\x0c\x8a\xa2\xe0\xeb\xeb\
\x0b\x95\x4a\x05\xb9\x5c\xee\x90\x83\xd1\x4f\x01\x96\x65\xd1\xdb\
\xdb\x8b\xce\xce\x4e\xae\xa0\x0b\x89\xe3\xe7\x3f\x83\xff\xfe\xf7\
\xbf\xd8\xb3\x67\x0f\xe2\xe2\xe2\x10\x12\x12\x32\x8a\x2d\x76\x5f\
\x24\x01\xe0\x04\x2a\x2a\x2a\x90\x95\x95\x85\xb6\xb6\x36\x2e\x6c\
\x94\x3f\xb9\xcd\x66\x33\x7c\x7c\x7c\x90\x94\x94\x84\xe5\xcb\x97\
\x63\xea\xd4\xa9\x82\x32\xe5\x12\x42\x4c\x26\x13\x1a\x1b\x1b\x51\
\x50\x50\x80\xdc\xdc\x5c\x34\x36\x36\xda\x0c\xc2\x62\x59\x16\x27\
\x4e\x9c\xc0\x92\x25\x4b\xb0\x6e\xdd\xba\x51\x6a\xad\x7b\xe3\x32\
\x02\x80\x1f\x89\xe5\x6e\x93\x22\x3f\x3f\x1f\x97\x2e\x5d\x12\x5c\
\xe3\xe7\x10\x8c\x89\x89\xc1\xe6\xcd\x9b\xf1\xe4\x93\x4f\x72\x59\
\x88\x24\xe3\x95\x7d\x88\x06\xb0\x66\xcd\x1a\xe4\xe7\xe7\x63\xfb\
\xf6\xed\x38\x73\xe6\x0c\x7a\x7b\x7b\xad\x9e\x5b\x53\x53\x13\x4e\
\x9e\x3c\x89\xb4\xb4\x34\xae\x74\x97\xab\xd3\x5f\xdf\x8f\xf4\xf8\
\x1f\x51\x01\x40\x61\x60\x95\xd7\x5d\x1c\x63\xc8\xbe\xbe\xbd\xbd\
\x1d\x17\x2f\x5e\xe4\xaa\xc6\x00\xf7\x42\x8d\x19\x86\x41\x58\x58\
\x18\x5e\x7d\xf5\x55\xac\x5f\xbf\xde\xa1\xe2\x24\x3f\x45\x28\x8a\
\x82\x4a\xa5\x82\x4a\xa5\xc2\xaa\x55\xab\xe0\xe7\xe7\x07\xa3\xd1\
\x88\x33\x67\xce\x70\xaf\x03\xe0\xb6\x05\x25\x25\x25\x28\x2d\x2d\
\x45\x4a\x4a\xca\x68\x36\x7b\x40\x48\xdd\xc7\xfe\x04\x00\x59\x34\
\x46\x8a\x91\x3d\x48\xe5\x7d\x6f\xf1\x24\x27\x13\x8a\xa6\x69\xb7\
\x28\x85\x4d\xa2\x0e\x6b\x6b\x6b\xb9\xe2\x21\xfc\x36\x13\x5b\x40\
\x7a\x7a\x3a\xd6\xac\x59\x03\x4f\x4f\x4f\xb7\x10\x6c\xae\xc8\xc2\
\x85\x0b\xf1\x8b\x5f\xfc\x02\x21\x21\x21\x56\xcf\x90\xa2\x28\xd4\
\xd7\xd7\xa3\xb2\xb2\x72\x94\x5a\x77\xff\xf0\x23\x4b\xfb\xab\x61\
\x39\x92\x63\x7f\x44\x05\x00\x31\xe2\x10\x77\x4f\x02\x7f\xbf\xcc\
\x30\x0c\xba\xba\xba\x5c\x7a\xb2\xb0\xb8\xe7\x81\xd6\xd2\xd2\xc2\
\xd5\xf1\x13\xe7\x10\x0c\x0b\x0b\x43\x66\x66\xa6\xa0\xaa\xac\x2b\
\x7f\x2f\x57\x84\x9f\x89\x39\x31\x31\x11\x80\xf5\xe2\xa1\xd5\x6a\
\x51\x5b\x5b\xeb\x36\xcf\xb6\xab\xab\xcb\x66\x8a\x32\xc0\x72\x7a\
\x34\x92\x0e\x4e\x23\x2a\x00\x48\x67\xaa\x54\x2a\x04\x06\x06\x72\
\xd7\xf8\xb1\xd8\x3d\x3d\x3d\xb8\x70\xe1\x02\x57\x93\x0f\x70\x3d\
\xcf\x39\x0a\x14\x57\x0c\x44\xa7\xd3\x09\xca\x76\xf1\xb7\x30\x61\
\x61\x61\x78\x20\xfe\x01\xee\x7d\x8e\x44\xb3\xfd\xd4\x21\x93\x41\
\xa3\xd1\x20\x36\x36\x16\x0a\x85\x42\x90\xa6\x0b\xb0\x08\x84\x3b\
\x77\xee\x70\xd5\x93\x5c\x15\x8a\xb2\x14\x1b\x29\x2c\x2c\x44\x7b\
\x7b\xbb\xd5\x6b\x80\xa5\xd4\x9d\x97\xd7\xc8\x15\x1a\x1d\x59\x1b\
\xc0\x8f\x5f\x92\x24\x5c\xe0\x9f\x91\x93\xdf\x66\xb3\x19\x17\x2f\
\x5e\xc4\xe7\x9f\x7f\x8e\x57\x5e\x79\x05\xe1\xe1\xe1\x43\x2a\xeb\
\x3c\x9c\xc8\x64\x32\x18\x0c\x06\x9b\xd2\x9c\x65\x59\xf8\xfa\x59\
\x8e\xfc\xcc\x66\x33\x18\x33\x63\x33\x44\x19\x90\x4e\x02\xfa\x83\
\xbf\xdf\x27\x47\xa8\xb6\x26\xba\x5e\xaf\x47\x77\x77\x37\x7c\x7d\
\x7d\x05\xd7\xf9\xf1\x02\xf6\xf2\x0c\x90\x6b\xc3\xd2\x0f\x14\x40\
\xb1\x14\x18\x96\x81\xc1\x60\xc0\xc1\x83\x07\x71\xe0\xc0\x01\x74\
\x75\x75\xd9\x5c\x0c\x26\x4d\x9a\x34\x60\x09\x3b\x67\x32\xa2\x02\
\x80\xac\x80\x72\xb9\x1c\x33\x66\xcc\x40\x74\x74\x34\xaa\xab\xab\
\x05\x19\x57\xe5\x72\x39\xba\xba\xba\xf0\x8f\x7f\xfc\x03\xe5\xe5\
\xe5\x58\xb8\x70\x21\x02\x03\x03\xad\x26\xd9\x68\xc1\xef\x34\xb9\
\x5c\x8e\xa2\xa2\x22\xae\x82\x10\x81\x0c\xa4\xc6\xfa\x46\x7c\xf1\
\x97\x2f\xe0\xe9\xe9\x29\x68\xbf\x24\x00\xee\x1f\xbe\x6a\x5c\x58\
\x58\x68\x77\x95\xbf\x71\xe3\x06\xbe\xf8\xe2\x0b\xa8\xd5\x6a\x9b\
\x9f\xc1\xdf\x7e\xd9\xd3\xc2\x9c\xd9\x0f\xfc\x52\x63\xb4\xcc\x52\
\x9c\xb4\xa2\xa2\x02\x67\xce\x9c\xc1\xad\x5b\xb7\xac\xda\x61\x36\
\x9b\xa1\x54\x2a\x31\x77\xee\x5c\x41\xf9\xba\xe1\x86\x62\x47\x78\
\xf4\x11\x89\xdc\xd1\xd1\x81\x77\xdf\x7d\x17\x3b\x76\xec\xe0\xae\
\x13\x87\x0f\x92\x8e\x1b\xb0\x64\x68\x51\x2a\x95\x2e\x39\x49\x28\
\xca\x52\x3c\x92\xe4\x19\x24\x90\x84\x20\x34\x4d\x43\xad\x56\x83\
\xa6\x69\xab\xca\xc5\x8e\x7c\x1f\x57\x7c\x06\x23\x05\x45\x51\x30\
\x18\x0c\x5c\x1a\x37\x02\x59\x54\x14\x0a\x05\x77\xbc\x3a\xd0\x6a\
\xce\x7f\x9d\x2f\x14\x9c\xf9\x7c\xc5\xe9\xe3\x4c\x26\x53\xbf\x15\
\x9e\x59\x96\xc5\xc2\x85\x0b\xf1\xf9\xe7\x9f\x63\xee\xdc\xb9\x23\
\x16\xe9\x38\x2a\x7e\x00\x0c\xc3\xc0\xdf\xdf\x1f\x3f\xff\xf9\xcf\
\x91\x9b\x9b\xcb\xd5\x5e\x23\xfb\x3a\x62\x24\x64\x59\x16\x06\x83\
\x01\x06\x83\xc1\x65\xf6\xce\xb6\x06\x89\x78\x8b\x42\xda\x6a\x32\
\x99\xa0\xd3\xe9\xac\xae\xf3\xbf\xcb\x60\x07\x9d\xab\x3c\x87\x91\
\xc2\xd6\x44\xb5\xf5\x3f\x46\xa3\x11\x06\x83\x81\xfb\x1f\x5b\xcf\
\x75\x24\x35\x2f\xb1\x00\xe0\x8f\x69\xf1\x6b\x0c\xc3\xc0\xc7\xc7\
\x07\x4f\x3f\xfd\x34\x66\xcd\x9a\x65\xb3\xad\xc3\xc5\x88\x0b\x00\
\xfe\x31\xc7\xfc\xf9\xf3\xf1\xdc\x73\xcf\xe1\x83\x0f\x3e\xe0\xbc\
\xe8\xc4\x1d\xcd\xdf\x03\x8e\x24\xb6\x8e\x9b\xf8\xd7\x07\x1a\x3c\
\xe4\x75\x71\xbb\xc5\x7f\xdf\xef\xc9\x00\x79\x6e\x3f\x45\x01\xd0\
\x9f\x83\x18\x7f\xbc\xf0\x05\xf1\xfd\x08\x00\x5b\x9f\xe3\x2c\xf8\
\xf7\xea\xcf\xe6\xc0\x30\x0c\xe4\x72\x39\x56\xaf\x5e\x8d\x8c\x8c\
\x8c\x11\xaf\x3b\x31\xaa\x9e\x80\x0a\x85\x02\xeb\xd6\xad\x43\x6b\
\x6b\x2b\xb6\x6f\xdf\x8e\x9e\x9e\x1e\x00\xb6\x27\xfb\xfd\x38\x47\
\x38\xa3\x13\xed\x3d\x78\x47\xeb\x01\x88\x05\x46\x7f\x83\x78\xa0\
\x76\xb9\x8b\x93\xd4\x68\x60\xcb\xd8\x37\x9a\xf0\xdb\x60\xaf\xcf\
\xc9\xf5\xb4\xb4\x34\xbc\xfe\xfa\xeb\x08\x0f\x0f\xe7\x62\x1f\x46\
\x0a\x8a\x61\x18\x76\xb4\x57\x95\xdb\x2d\xb7\xb1\x67\xef\x1e\x7c\
\xf9\xe5\x97\xa8\xa8\xa8\x10\x3c\x30\xbe\x57\x1d\x9f\xc1\x4a\xf8\
\xc1\x20\xce\xd5\x67\xcb\x4d\xd9\x96\x84\xef\xaf\x6d\xf6\x54\xd8\
\xc1\x0c\xd6\xd1\xee\x27\x57\xc7\x96\xb5\x9f\x1f\x89\x29\xee\x03\
\x22\xd4\x87\xea\x9f\x31\xd0\x6a\xcf\x87\x7f\x3d\x24\x24\x04\xe9\
\xe9\xe9\x78\xe9\xa5\x97\x38\xd5\x9f\xdf\xae\x91\xe8\x6f\x97\x10\
\x00\x00\xd0\xdb\xdb\x8b\xbc\xbc\x3c\x64\x65\x65\xa1\xa8\xa8\x08\
\x37\x6e\xdc\xe0\x2a\xbb\x8a\x05\xc0\x70\x3b\xd4\x88\x1f\x3e\x3f\
\xa2\x4f\xc2\xbd\xe0\x6f\x21\xc5\x63\x66\xb8\x5c\x6e\xc5\x46\x5f\
\x02\xcb\xb2\x50\xa9\x54\x18\x3f\x7e\x3c\x66\xcd\x9a\x85\xb4\xb4\
\x34\x3c\xf6\xd8\x63\xdc\xb1\xdf\x48\xaa\xfe\x84\x11\x3f\x05\x18\
\x88\xb6\xb6\x36\x94\x95\x95\xe1\xd2\xa5\x4b\xd8\xbb\x77\x2f\xae\
\x5e\xbd\x2a\x98\x78\xe4\x21\x3d\xf0\xc0\x03\x98\x3e\x7d\xba\xc3\
\x16\x75\x31\x34\x4d\xc3\x64\x32\xa1\xb4\xb4\x14\xd7\xae\x5d\x13\
\x74\x04\xb1\xea\xc7\xc4\xc4\x60\xde\xbc\x79\x90\xc9\x64\xd2\xb1\
\x9e\x0b\x22\x5e\xe5\x1b\x1a\x1a\x50\x5c\x5c\xcc\x55\x8a\x26\xb0\
\x2c\x8b\xa0\xa0\x20\x2c\x5c\xb8\x10\x7e\x7e\x7e\x0e\x1f\x31\xdb\
\x9a\xac\xcd\xcd\xcd\x28\x2c\x2c\x84\x5e\xaf\xb7\x32\xf6\x86\x84\
\x84\xe0\xd9\xf5\xcf\x62\xd1\xe2\x45\x88\x8f\x8f\xbf\x57\x71\x8a\
\xc5\xa8\x55\x19\x72\x99\x68\x40\x02\x29\xdc\x90\x9c\x9c\x8c\xeb\
\xd7\xaf\xa3\xbc\xbc\x1c\x7d\x7d\x7d\x02\x3f\x6a\xa5\x52\x89\x95\
\x2b\x57\x62\xd3\xa6\x4d\x18\x37\x6e\x9c\x53\x24\xa7\x5c\x2e\x87\
\x56\xab\xc5\x9f\xff\xfc\x67\x54\x54\x54\x58\x1d\x15\xc9\xe5\x72\
\xa4\xa4\xa4\xe0\xed\xb7\xdf\x86\xa7\xa7\xa7\xe0\x38\xca\x9e\x65\
\x5a\x62\x64\xe1\xf7\x03\x4d\xd3\xc8\xc9\xc9\x41\x75\x75\x35\xf4\
\x7a\xbd\xc0\xfa\xce\xb2\x2c\x57\xed\x79\xe6\xcc\x99\x0e\x25\x6b\
\x15\xf7\x39\xf9\xbb\xa0\xa0\x00\xe5\xe5\xe5\x9c\x00\xe0\x6b\xab\
\x61\x61\x61\x78\xfe\xf9\xe7\x11\x37\x3d\x4e\xf0\x5e\x16\x2c\x17\
\x28\x37\xd2\xb8\x94\x00\x20\x0f\x8b\xb8\x04\x13\xf8\x2e\xb4\xe4\
\xa1\x8e\x1b\x37\x0e\xc1\xc1\xc1\x4e\x8d\xb0\xa3\x69\xba\xdf\xa0\
\x1d\x2f\x2f\x2f\x04\x07\x07\xdb\x74\x36\x91\x70\x3d\x7c\x7c\x7c\
\xac\x0c\x6a\x44\xd3\x53\x28\x14\x5c\x05\x20\x67\x12\x18\x18\x68\
\x37\x45\x19\xcb\xb2\xd0\x1b\x2c\x15\x88\x88\x56\x09\x8c\xae\x6d\
\xc7\xa5\x04\x00\x30\xf0\xc3\x20\x47\x27\x66\xb3\x99\x0b\x2e\x72\
\x86\x06\x40\xdc\x90\xfb\xdb\xe7\xf3\x1d\x94\xfa\xbb\xa7\xb4\xfa\
\x8f\x2e\xa4\x5f\x7a\x7b\x7b\xed\x3a\xfa\x30\x0c\xc3\xa9\xfe\xfc\
\xc9\xe8\x08\x7c\xed\xc2\x64\x32\x09\x62\x14\xec\xb5\xcd\x15\xec\
\x6e\xc0\x48\x87\x03\x8f\x20\x3f\xc5\x33\x73\x89\xfe\x19\xa9\xf1\
\xe0\x4e\x0b\x80\x5b\x08\x80\xe1\x3c\xf2\x93\xf8\x69\xe2\xcc\x23\
\x63\x3e\xee\x56\xab\xc0\xa5\xb6\x00\xe2\xa3\x37\x7b\x67\xb4\x24\
\xac\x92\x31\xdf\x3b\xc7\xb5\xd7\xa1\xfd\x7a\x7f\x31\xc2\x1a\xef\
\x0c\xc3\xd8\x75\x27\x25\xae\x9c\xdc\x7b\x1d\xbc\xa7\xc4\xc8\x21\
\xf6\x0c\xe4\x9f\x18\xf1\x0d\x7f\x43\x5d\xb1\xf9\xdb\x50\xa3\xd1\
\x68\xe5\xfa\x4b\x3e\x9f\xa6\xe9\x51\x33\xf6\xd9\xc3\x65\xc5\x95\
\x5c\x2e\x87\xa7\xa7\xa7\x55\x0c\x3d\x49\x03\x55\x5e\x5e\x8e\x4e\
\x5d\xe7\x90\xee\x41\xc9\x84\xdb\x84\x8e\x8e\x0e\x54\x56\x56\xda\
\x4c\xcb\x24\x93\xc9\x30\x6e\xdc\x38\xc8\x15\x16\x99\x29\x4d\x72\
\xd7\xc7\xdb\xdb\xdb\x6e\x61\xd1\xa6\xa6\x26\x2e\x91\xcb\x50\x56\
\x6d\x32\xd1\xc9\xd1\x70\x69\x69\x29\x17\xf4\x43\xae\x13\x81\xe0\
\xe5\xe5\x05\xb5\x87\x6b\x19\x90\x5d\x56\x00\xa8\xd5\x6a\x4c\x98\
\x30\xc1\xe6\x4a\xcc\x30\x0c\xce\x9e\x3d\x8b\x83\x07\x0f\x42\xab\
\xd5\x0e\x59\xed\xa2\x28\x4b\x6e\xbf\xac\xac\x2c\x9c\x3f\x7f\xde\
\xa6\xfd\x80\xa6\x69\x8c\x1f\x3f\x1e\x4a\x85\x72\x48\xf7\x92\x18\
\x39\x42\x43\x43\x6d\x26\x0a\x95\xc9\x64\x68\x6a\x6a\xc2\xd7\x5f\
\x7f\x8d\x2b\x57\xae\x38\x4d\x98\x9f\x3d\x7b\x16\xfb\xf6\xed\xe3\
\x02\xc0\xc8\x22\x42\xc6\xd3\xf8\xf1\xe3\xb9\x7c\x05\xae\xa2\x09\
\xb8\xd4\x16\x80\x0f\x4d\xd3\x98\x31\x63\x06\x82\x83\x83\x51\x5f\
\x5f\x2f\x50\xb9\x29\xca\x12\x4e\xfc\xc9\x27\x9f\xe0\xe6\xcd\x9b\
\x48\x48\x48\x70\x28\x69\x08\xcb\xb2\xa0\x69\x1a\x66\xb3\x19\xe7\
\xcf\x9f\xc7\xa1\x43\x87\xd0\xd5\xd5\x25\x08\xc8\x20\xc2\x27\x24\
\x24\x04\x53\x63\xa6\x4a\xfe\xf8\x6e\x44\x68\x68\x28\x62\x62\x62\
\x70\xe5\xca\x15\xab\x45\x84\xa2\x28\x1c\x3e\x7c\x18\x7a\xbd\x1e\
\x69\x69\x69\xf0\xf1\xf1\x71\xa8\x5f\x89\x46\x5a\x57\x57\x87\x23\
\x47\x8e\x08\x04\x0a\xff\x34\x40\xad\x56\x73\xe3\xd9\xd2\x88\xa1\
\x7f\x3f\x67\xe0\x9a\x02\xe0\x47\xcf\xa8\xe9\xd3\xa7\x23\x39\x39\
\x19\x0d\x0d\x0d\x02\x01\x40\xf6\x56\x8d\x8d\x8d\xd8\xb9\x73\x27\
\x77\xde\x6b\xcb\xdf\x7e\xa0\x4e\x25\xe7\xc2\x24\x0f\x21\xff\x73\
\xc8\x91\x23\x00\x3c\xf4\xd0\x43\x98\x36\x6d\x1a\x77\x5d\xda\x02\
\xb8\x3e\xfe\xfe\xfe\x48\x4d\x4d\xc5\xb1\x63\xc7\xd0\xd9\x29\xdc\
\x2e\xd2\x34\x8d\xbe\xbe\x3e\x1c\x3b\x76\x0c\x79\x79\x79\x50\xa9\
\x54\x0e\x0b\x00\x12\xeb\x6f\xcb\xfd\x97\x2c\x18\x93\x27\x4f\xc6\
\x82\x05\x0b\xa0\x50\x28\x86\x7c\xec\xe8\x4c\x5c\x52\x00\x10\xcf\
\xa8\xd0\x90\x50\x64\x66\x64\xa2\xa0\xa0\x80\xdb\xaf\xf1\x21\xdb\
\x01\xad\x56\xeb\x94\xfb\xf2\xbd\x0d\xf9\xdb\x80\x09\x13\x26\x20\
\x2d\x2d\x0d\xa1\x21\xa1\x00\x2b\xed\xff\xdd\x05\x85\x42\x81\x94\
\x94\x14\x24\x25\x25\xe1\xf8\xf1\xe3\x82\x89\xc7\x0f\xf8\x32\x18\
\x0c\xd0\xeb\xf5\x4e\xb9\xa7\xd8\x90\xcd\x30\x0c\x14\x0a\x05\x56\
\xae\x5c\x89\x84\x84\x04\xcb\x0b\x2e\xa4\x40\xba\x86\x18\x12\x41\
\x1e\x22\x2d\xa7\xb1\x7c\xf9\x72\x3c\xf1\xc4\x13\x00\x84\xc1\x38\
\xc4\xf8\x42\xd3\x34\x67\x6c\x21\x3f\x34\x4d\x73\x3f\xe2\xd7\xf8\
\x3f\x64\x92\x93\xff\xe3\x5b\x6c\xf9\x4e\x3f\xeb\xd6\xad\xc3\xf2\
\xe5\xcb\x5d\xc2\x73\x4b\x62\x70\xc4\xc4\xc4\xe0\x97\xbf\xfc\x25\
\x26\x4c\x98\x20\xd0\xe8\xf8\x02\x9e\x6f\xc8\x1b\xec\x0f\xf9\x1c\
\xb9\x5c\x6e\x95\xce\x9e\xdc\x2b\x31\x31\x11\x6b\xd7\xae\x85\xbf\
\xbf\xbf\x65\x71\x91\xb9\xce\x36\x92\xde\xb6\x6d\xdb\xb6\xd1\x6e\
\x44\x7f\x78\x8c\xf3\x40\x64\x64\x24\xda\xdb\xdb\x51\x55\x55\x05\
\x93\xc9\xc4\xad\xd0\x43\x55\xa3\x48\x07\x8a\x93\x77\x90\x6b\x2a\
\x95\x0a\xeb\xd7\xaf\xc7\x1b\x6f\xbc\x71\xaf\xf6\x9c\x9d\xc4\x9e\
\x12\xae\x09\x45\x51\x88\x8c\x8c\x84\x97\x97\x17\x4a\x4b\x4b\xa1\
\xd3\xe9\xac\x34\xbc\xa1\x40\xa2\x55\xc5\xdb\x4e\x32\xa6\x66\xcf\
\x9e\x8d\x2d\x5b\xb6\x60\xf1\xe2\xc5\x02\x81\xe1\x2a\xe3\xc7\x61\
\x01\x60\xcb\x05\xd7\x59\x6e\xb9\x62\x82\x82\x82\x30\x63\xc6\x0c\
\xf4\xf6\xf6\xa2\xa9\xa9\x09\xdd\xdd\xdd\x56\x46\x3a\x47\x20\x52\
\x5c\xbc\xf2\xb3\x2c\x8b\x09\x13\x26\x60\xdd\xba\x75\x78\xf3\x8d\
\x37\x31\x25\x6a\x8a\xb4\xef\x77\x43\x58\xb0\x60\xcc\x0c\x94\x4a\
\x25\xe2\xe2\xe2\xe0\xeb\xeb\x8b\x5b\xb7\x6e\xa1\xb5\xb5\x95\x2b\
\xd6\xea\xac\x7e\x25\xda\x05\x59\xf5\x3d\x3d\x3d\xb1\x64\xc9\x12\
\xfc\xf6\xb7\xbf\xc5\x8a\x15\x2b\xa0\x50\x28\x86\x7c\x0f\x3e\x0c\
\xcb\x5a\x4c\x65\x7c\x8d\xc3\xc6\xb5\x81\x70\x28\x1c\x98\x3f\xd1\
\xed\x85\xc2\x0e\xc7\x64\x69\x6d\x6d\xc5\x77\xdf\x7d\x87\x6f\xfe\
\xf7\x1b\x94\x95\x97\xa1\xad\xad\xcd\xa9\xd9\x82\x65\x32\x19\x34\
\x1a\x0d\xa6\x4f\x9f\x8e\x75\xeb\xd6\x21\x3d\x3d\xdd\x62\xb5\x65\
\x85\xc5\x40\x24\xdc\x07\x7e\xcd\x89\xde\xde\x5e\x5c\xb8\x70\x01\
\xbb\x77\xef\x46\x5e\x5e\x1e\x9a\x9b\x9b\xb9\x33\x7b\x67\xe1\xed\
\xed\x8d\xc8\xc8\x48\xa4\xa7\xa7\xe3\x99\x67\x9e\xc1\xcc\x99\x33\
\x05\x49\x42\x9c\x25\x6c\x6c\xcd\xbf\xfe\xe6\xa5\x3d\x06\x2d\x00\
\x58\x00\x2c\xc3\x40\x46\x51\x80\x9d\x9b\x38\x3b\xa3\x09\x3f\x4a\
\x10\x00\x9a\x6f\x35\xa3\xe8\x62\x11\x8a\x8b\x8b\xd1\xd0\xd0\x20\
\x88\x1c\x74\xf4\x73\x55\x2a\x15\x67\xa9\x4d\x4c\x4c\x14\xe4\x66\
\x1f\x4e\xa1\x26\x31\x3c\xd8\xd2\x4e\xc9\xdf\x06\x83\x01\x25\x25\
\x25\x28\x2c\x2c\x44\x65\x65\x25\x57\xa4\xc3\x91\xfe\x25\x63\x43\
\xa9\x54\x22\x28\x28\x08\xf1\xf1\xf1\x48\x4e\x4e\x46\x6c\x6c\xec\
\xb0\xd4\xb3\x10\xcf\x05\x5b\x0c\x66\xfe\xb9\x5c\x42\x10\x09\x09\
\x09\x09\x09\x09\x09\x09\x09\x09\x09\x09\x09\x09\x09\x09\x09\x09\
\x09\x09\x09\x09\x09\x09\x09\x09\x09\x09\x09\x09\x09\x09\x09\x09\
\x09\x09\x09\x09\x89\x41\xf0\xff\xed\x51\x83\xf4\x82\x59\x7d\x88\
\x00\x00\x00\x00\x49\x45\x4e\x44\xae\x42\x60\x82\
"

qt_resource_name = b"\
\x00\x07\
\x07\x3b\xe0\xb3\
\x00\x70\
\x00\x6c\x00\x75\x00\x67\x00\x69\x00\x6e\x00\x73\
\x00\x0a\
\x0a\x65\x6a\x51\
\x00\x71\
\x00\x49\x00\x6e\x00\x73\x00\x70\x00\x65\x00\x63\x00\x74\x00\x69\x00\x61\
\x00\x08\
\x0a\x61\x5a\xa7\
\x00\x69\
\x00\x63\x00\x6f\x00\x6e\x00\x2e\x00\x70\x00\x6e\x00\x67\
"

qt_resource_struct_v1 = b"\
\x00\x00\x00\x00\x00\x02\x00\x00\x00\x01\x00\x00\x00\x01\
\x00\x00\x00\x00\x00\x02\x00\x00\x00\x01\x00\x00\x00\x02\
\x00\x00\x00\x14\x00\x02\x00\x00\x00\x01\x00\x00\x00\x03\
\x00\x00\x00\x2e\x00\x00\x00\x00\x00\x01\x00\x00\x00\x00\
"

qt_resource_struct_v2 = b"\
\x00\x00\x00\x00\x00\x02\x00\x00\x00\x01\x00\x00\x00\x01\
\x00\x00\x00\x00\x00\x00\x00\x00\
\x00\x00\x00\x00\x00\x02\x00\x00\x00\x01\x00\x00\x00\x02\
\x00\x00\x00\x00\x00\x00\x00\x00\
\x00\x00\x00\x14\x00\x02\x00\x00\x00\x01\x00\x00\x00\x03\
\x00\x00\x00\x00\x00\x00\x00\x00\
\x00\x00\x00\x2e\x00\x00\x00\x00\x00\x01\x00\x00\x00\x00\
\x00\x00\x01\x9a\xb6\xe7\x5f\x40\
"

qt_version = [int(v) for v in QtCore.qVersion().split('.')]
if qt_version < [5, 8, 0]:
    rcc_version = 1
    qt_resource_struct = qt_resource_struct_v1
else:
    rcc_version = 2
    qt_resource_struct = qt_resource_struct_v2

def qInitResources():
    QtCore.qRegisterResourceData(rcc_version, qt_resource_struct, qt_resource_name, qt_resource_data)

def qCleanupResources():
    QtCore.qUnregisterResourceData(rcc_version, qt_resource_struct, qt_resource_name, qt_resource_data)

qInitResources()
